sample,phi1,r,phi2,determinant,target_matrix,decomposition_failed,compiled_matrix,frobenius_error,log10_error,resource_nodes,measurements,commands
0,-1.7942130571773118,-0.6464046347845891,-0.9217614255295672,1.0,"[[-0.6626228180257595, -0.028102337422054396], [-1.0324804555883782, -1.5529424676477381]]",False,"[[-0.6626228180257593, -0.028102337422054955], [-1.0324804555883784, -1.5529424676477395]]",1.4783630602638811e-15,-14.830218897668873,4,4,17
1,0.2873962821755618,0.3016882014924831,-1.880165116683229,1.0000000000000002,"[[0.14914494193844882, 0.7922552037446405], [-1.2989480787401546, -0.19510131820627888]]",False,"[[0.1491449419384491, 0.7922552037446406], [-1.2989480787401542, -0.19510131820627885]]",5.36049202688126e-16,-15.270795345614621,4,4,17
2,2.7037717751294235,0.11678128383650344,-1.4090449759453758,1.0,"[[0.34048523836602085, -0.8720711670676541], [1.0653336524134018, 0.2083885890733495]]",False,"[[0.3404852383660211, -0.8720711670676541], [1.0653336524134016, 0.2083885890733494]]",3.7238012298709097e-16,-15.429013508967312,4,4,17
3,-1.1302914759037908,-1.4531491373284713,1.1847346301547095,1.0000000000000007,"[[0.88257237553243, -1.6096547141648812], [-1.3642159525873851, 3.621138308677763]]",False,"[[0.88257237553243, -1.6096547141648816], [-1.3642159525873843, 3.6211383086777618]]",1.6616296724220897e-15,-14.779465761023921,4,4,17
4,0.3037362537379589,0.3352498564335291,1.3469041022907815,1.0000000000000002,"[[-0.2562567234665619, -0.7582444783466891], [1.3484714980227404, 0.08768967026366858]]",False,"[[-0.25625672346656225, -0.7582444783466888], [1.3484714980227406, 0.08768967026366857]]",4.579669976578771e-16,-15.339165817305059,4,4,17
5,1.037316308603863,-0.2774682064764431,-0.36321195161694053,1.0000000000000004,"[[0.8591557079671761, -0.3714022387068258], [0.925358651660073, 0.763912430634511]]",False,"[[0.859155707967176, -0.37140223870682537], [0.9253586516600729, 0.763912430634511]]",4.710277376051325e-16,-15.32695351763935,4,4,17
6,-0.6779463328725246,1.151097421412453,0.25838947472992935,0.9999999999999998,"[[0.7448658962769857, 1.8542005736491716], [0.43743745701398207, 2.4314400656322785]]",False,"[[0.7448658962769859, 1.8542005736491722], [0.43743745701398234, 2.4314400656322794]]",1.149764460151469e-15,-14.939391119762622,4,4,17
7,-0.5200358894548271,-0.8500347792825373,-1.4846038939655468,1.0,"[[-0.03680133600285954, 2.0411647258170906], [-0.46960798778870344, -1.1263922690343244]]",False,"[[-0.03680133600285966, 2.0411647258170893], [-0.4696079877887037, -1.1263922690343233]]",1.7602511874101363e-15,-14.754425354048198,4,4,17
8,-0.474868015957437,0.8210067728229062,-1.1066253244692934,1.0000000000000002,"[[-0.7540348847980617, 0.8151178663968813], [-1.8975022580807601, 0.7250168435329912]]",False,"[[-0.7540348847980629, 0.8151178663968814], [-1.8975022580807606, 0.7250168435329911]]",1.3089336417583914e-15,-14.883082370063956,4,4,17
9,2.877961722525992,0.5018802513730241,-2.8689553009960607,0.9999999999999999,"[[0.678793964750264, 0.25716328632193475], [0.27749244574677956, 1.5783299865842484]]",False,"[[0.6787939647502639, 0.25716328632193464], [0.2774924457467798, 1.5783299865842488]]",5.20740757162067e-16,-15.2833784297799,4,4,17
10,-1.997514566217999,1.4327938215937612,0.5600819062658018,1.0000000000000002,"[[1.9428660146352437, 3.284273761374262], [-1.105428823717012, -1.3539435354704357]]",False,"[[1.9428660146352446, 3.2842737613742643], [-1.1054288237170127, -1.3539435354704372]]",2.928969502107952e-15,-14.533285150385723,4,4,17
11,-0.8552351201304353,-0.2408240312125467,-2.052370162439491,0.9999999999999999,"[[-0.9123347788041106, 0.4649940337180056], [-0.012234111551880759, -1.0898534553553676]]",False,"[[-0.9123347788040918, 0.464994033718921], [-0.012234111551880722, -1.0898534553553778]]",9.156859066570498e-13,-12.038253469998187,4,4,17
12,-2.5258900984202217,-0.2962513156823552,-2.7506884687847926,1.0,"[[0.8514089047461504, -0.8153683207364483], [0.9493833837630852, 0.2653282851362234]]",False,"[[0.8514089047461505, -0.815368320736448], [0.9493833837630852, 0.2653282851362234]]",2.482534153247273e-16,-15.605104768022994,4,4,17
13,1.4113757338099324,-0.5185578362012817,-2.5900768628723068,1.0000000000000002,"[[0.08091222606509983, 0.6403810108708129], [-1.461953838523977, 0.7884163635323163]]",False,"[[0.08091222606509993, 0.6403810108708129], [-1.4619538385239763, 0.7884163635323164]]",6.822736016865924e-16,-15.166041431979123,4,4,17
14,-2.5253424509522975,1.0226692760736196,1.781873984800261,1.0,"[[1.6329518842488344, -0.04975045309981804], [-2.1752073575994473, 0.6786590360171058]]",False,"[[1.6329518842488346, -0.04975045309981802], [-2.1752073575994473, 0.6786590360171056]]",2.4912465244908755e-16,-15.603583294170226,4,4,17
15,-2.301152274250399,0.1370803657547679,0.5090817041953986,1.0,"[[-0.09150856919427876, 1.0295352727783946], [-0.9400634867551185, -0.35156796809114377]]",False,"[[-0.09150856919427915, 1.029535272778394], [-0.9400634867551189, -0.35156796809114427]]",9.773746735086136e-16,-15.009938918937848,4,4,17
16,0.5931476686772292,1.5363330747151016,-0.9975399078686271,1.0,"[[2.279314359182113, -1.2590993438909275], [-3.172372055070328, 2.19115522744703]]",False,"[[2.279314359182113, -1.2590993438909273], [-3.172372055070329, 2.19115522744703]]",9.155133597044475e-16,-15.038335313837885,4,4,17
17,-2.053477437491984,1.2356656274037796,-1.1071499739707646,1.0,"[[-2.7861741101081052, 1.242256890929478], [1.3132771692317717, -0.9444591433219606]]",False,"[[-2.7861741101081057, 1.2422568909294802], [1.313277169231772, -0.9444591433219616]]",2.4850154473731614e-15,-14.60467090725738,4,4,17
18,2.4428713245280136,0.7859040904397894,-0.2350727881802226,0.9999999999999999,"[[-0.010561347885615607, -1.45396532826634], [0.6764014462745147, -1.5656854888919478]]",False,"[[-0.010561347885615602, -1.45396532826634], [0.6764014462745146, -1.5656854888919474]]",4.577862616321881e-16,-15.339337244835043,4,4,17
19,-0.5785607589666255,0.7400543406103521,-1.6019481053114053,1.0000000000000002,"[[-1.1580459179745273, 0.3635491986200832], [-1.745941423992519, -0.31541443115552464]]",False,"[[-1.1580459179745286, 0.3635491986200823], [-1.7459414239925197, -0.31541443115552553]]",1.9743561501005244e-15,-14.704574503099066,4,4,17
20,3.086087319061729,1.2233226557863728,-2.657681576322725,1.0000000000000002,"[[0.3477797759005208, 0.03020074108456807], [1.5642312985845277, 3.0112186418352365]]",False,"[[0.347779775900521, 0.030200741084568467], [1.5642312985845277, 3.011218641835236]]",6.347855485236092e-16,-15.197372968917652,4,4,17
21,1.1995567987145073,-1.3125419206064604,-2.4158280273929362,0.9999999999999996,"[[-0.8417701253489178, 1.0822177166308806], [-2.6547185624099447, 2.225053378002152]]",False,"[[-0.841770125348919, 1.0822177166308815], [-2.6547185624099456, 2.2250533780021526]]",1.807312143953211e-15,-14.7429668332226,4,4,17
22,1.702707476166779,1.3911147914727784,3.1229584331741265,0.9999999999999998,"[[-0.04152364600445381, 3.984327694333236], [-0.25644405928820224, 0.5239705460085322]]",False,"[[-0.04152364600445342, 3.9843276943332353], [-0.2564440592882023, 0.523970546008532]]",9.961119953842058e-16,-15.001691830007069,4,4,17
23,-2.895785611662533,-1.0389556818177645,-0.22384935041323306,0.9999999999999999,"[[-2.692027518098717, -0.5245774363869428], [-0.5943992155671817, -0.48729383629002615]]",False,"[[-2.6920275180987203, -0.5245774363869463], [-0.594399215567182, -0.4872938362900266]]",4.753258815128369e-15,-14.323008537709894,4,4,17
24,-2.589868726425692,-0.7354145054392394,-2.534286997230642,1.0,"[[1.3157035545227116, -1.2202398409374888], [1.130963769683178, -0.2888546201139745]]",False,"[[1.3157035545227116, -1.2202398409374888], [1.130963769683178, -0.28885462011397456]]",5.551115123125783e-17,-16.255619765854984,4,4,17
25,0.8093482009465829,-0.633170330506085,0.08039282239070866,0.9999999999999998,"[[1.2645510470322043, -0.487415308812009], [1.3884142079423607, 0.2556367027139559]]",False,"[[1.2645510470322041, -0.48741530881200906], [1.3884142079423607, 0.25563670271395594]]",2.3551386880256624e-16,-15.627983513303331,4,4,17
26,-1.770386459708123,-0.2636899118516691,0.4630788126955845,0.9999999999999998,"[[0.10544316885615274, 0.7889502739389196], [-1.2095466889736421, 0.4336725544991378]]",False,"[[0.10544316885615279, 0.78895027393892], [-1.2095466889736417, 0.4336725544991379]]",6.4018582627671775e-16,-15.193693945371441,4,4,17
27,1.355736144630515,0.21503230296709352,2.477093812411047,1.0,"[[-0.8824836997178975, 0.8474599909437481], [-0.45711256116956833, -0.6941945706722948]]",False,"[[-0.882483699717899, 0.8474599909437465], [-0.4571125611695685, -0.6941945706722941]]",2.3426758140054006e-15,-14.630287806123363,4,4,17
28,1.2045452822383336,-0.7536577839793743,-3.091252653737838,0.9999999999999999,"[[-0.7378378889623421, 0.47715879664326505], [-1.9898041699233644, -0.06850751022654018]]",False,"[[-0.7378378889623415, 0.47715879664326555], [-1.9898041699233637, -0.0685075102265394]]",1.319485001705613e-15,-14.879595541945266,4,4,17
29,2.7904386066146403,0.9509190600618882,1.8180106430161675,1.0000000000000002,"[[-0.7744085532186755, 0.5696257413939748], [-2.3887943303312285, 0.46579901520120565]]",False,"[[-0.774408553218674, 0.5696257413939749], [-2.388794330331227, 0.46579901520120576]]",2.0531623078253657e-15,-14.687576717162935,4,4,17
30,1.0467460198562426,-0.9051442969380106,1.5302351182450629,1.0000000000000002,"[[-0.29974864955800307, -1.2502941445067306], [0.2890311542245339, -2.130538506961533]]",False,"[[-0.2997486495580037, -1.2502941445067248], [0.2890311542245339, -2.1305385069615337]]",5.872911900245238e-15,-14.231146513974739,4,4,17
31,-2.829348605153093,-0.8069296496452548,2.5434260639773028,0.9999999999999998,"[[1.8395544395503578, 1.0876816257914879], [0.32976453778056247, 0.7385912584971621]]",False,"[[1.839554439550358, 1.0876816257914874], [0.32976453778056247, 0.7385912584971621]]",4.965068306494546e-16,-15.304074772359012,4,4,17
32,-1.9617457773033107,-0.5056898762725937,-3.0902494439203885,1.0000000000000002,"[[0.6024089929734564, -0.5892774359805975], [1.5427935282644434, 0.15083869344041026]]",False,"[[0.6024089929734565, -0.5892774359805975], [1.5427935282644436, 0.15083869344041012]]",2.8441001681421824e-16,-15.546055111983996,4,4,17
33,0.7306864334432586,0.26713701145820967,1.7491533851437637,0.9999999999999998,"[[-0.9590657085742293, -0.4064279309373179], [0.866686849596465, -0.675401331897158]]",False,"[[-0.9590657085742289, -0.40642793093731816], [0.8666868495964649, -0.6754013318971581]]",5.4672143489065705e-16,-15.262233898721862,4,4,17
34,2.892639987202543,-0.2619798519478711,-0.31318033124070244,1.0,"[[-1.1397632291254656, -0.5683953688625065], [0.5343797852834195, -0.6108821437987618]]",False,"[[-1.1397632291254653, -0.5683953688625071], [0.5343797852834193, -0.6108821437987617]]",6.181460191301304e-16,-15.208908923273867,4,4,17
35,-0.3896857308479911,-1.3516595471890136,1.5767271185978515,1.0,"[[0.07712230622714515, -3.5746753576180557], [0.24810830864461575, 1.4664154717405387]]",False,"[[0.0771223062271446, -3.5746753576180565], [0.24810830864461592, 1.4664154717405387]]",1.0605390551611693e-15,-14.974473333626747,4,4,17
36,0.6123724596913043,-0.4425428520757493,2.3595880622273286,1.0000000000000002,"[[-1.1639778803156717, -0.635657017794363], [-0.2644119799832106, -1.0035202132436123]]",False,"[[-1.163977880315676, -0.6356570177943983], [-0.26441197998321075, -1.0035202132436163]]",3.578058656522764e-14,-13.446352544150043,4,4,17
37,-1.3384125225191532,0.6010517303177285,-1.647164304552591,1.0,"[[-1.7794655952104368, -0.009532609894955394], [-0.37814476699516975, -0.563992194762776]]",False,"[[-1.7794655952104348, -0.009532609894949036], [-0.3781447669951698, -0.5639921947627752]]",6.709828108359067e-15,-14.17328860539693,4,4,17
38,0.0003657777165591014,-1.1462354975115225,-0.8745288156493154,0.9999999999999999,"[[2.0180119513127615, 2.413916988747906], [-0.24311496720461437, 0.20472656278231363]]",False,"[[2.0180119513127615, 2.4139169887479053], [-0.24311496720461429, 0.20472656278231383]]",9.12985476297841e-16,-15.03953613113369,4,4,17
39,-1.3777927609418377,-1.3769176705113833,-2.3435104494769208,1.0,"[[-0.7079264363602049, 0.37133061703387843], [2.680243926508504, -2.8184519302461646]]",False,"[[-0.7079264363602046, 0.37133061703387815], [2.6802439265085036, -2.818451930246164]]",7.631521572941402e-16,-15.117388863768362,4,4,17
40,2.556233803385516,-0.5116418138805585,-3.096131729426366,0.9999999999999998,"[[1.4039404318883932, 0.26770279375914935], [-0.8979215887049823, 0.5410656071107501]]",False,"[[1.4039404318883935, 0.26770279375914946], [-0.8979215887049826, 0.54106560711075]]",4.2998752849492583e-16,-15.366544140663162,4,4,17
41,1.2791558183963279,0.8264534047534999,2.922749348232651,0.9999999999999998,"[[-0.5979881147320061, 2.109185748150053], [-0.266478054899896, -0.732369546519603]]",False,"[[-0.5979881147320066, 2.109185748150055], [-0.266478054899896, -0.7323695465196023]]",1.976695897494813e-15,-14.704060139082127,4,4,17
42,-2.5087585402550516,0.4140869158946776,-1.000116473224272,0.9999999999999997,"[[-1.0409347178439863, 0.03489175515131353], [0.8155081063538024, -0.988010575054094]]",False,"[[-1.0409347178439858, 0.03489175515131338], [0.8155081063538024, -0.9880105750540943]]",5.739182596318286e-16,-15.241149957634653,4,4,17
43,2.2798905860362737,-0.3775469130685867,1.2899515183840116,1.0000000000000002,"[[-0.763170126554617, 0.7684078465622379], [-0.122051153645203, -1.187435021792875]]",False,"[[-0.7631701265546156, 0.7684078465622419], [-0.12205115364520311, -1.1874350217928762]]",4.393454253161928e-15,-14.357193891330041,4,4,17
44,0.8784315092003885,-1.5122164127390325,2.797933205948678,1.0000000000000002,"[[-2.783918493883527, -0.8160486078458559], [-3.2405294258086212, -1.3091006560076148]]",False,"[[-2.783918493883531, -0.8160486078458581], [-3.240529425808623, -1.3091006560076162]]",5.0828333285666705e-15,-14.29389413103516,4,4,17
45,2.473279982056556,0.3292733793623963,1.8766704430494912,1.0000000000000002,"[[-0.6512890519099231, 0.7978229229821634], [-1.1745437408384483, -0.09661160329556302]]",False,"[[-0.6512890519099227, 0.7978229229821636], [-1.1745437408384478, -0.09661160329556277]]",7.114312260401321e-16,-15.147867076739075,4,4,17
46,-0.7786046266872844,-0.24240660098326616,1.4194628099007893,0.9999999999999998,"[[0.6815743706780306, -0.8137237779192166], [0.41734793836007644, 0.9689244304093795]]",False,"[[0.6815743706780306, -0.8137237779192171], [0.41734793836007644, 0.9689244304093795]]",5.551115123125783e-16,-15.255619765854984,4,4,17
47,2.7747809785597113,-0.12020478160098302,-2.94509851765158,1.0,"[[1.0945370424434002, 0.10637917565555485], [-0.23506344888073638, 0.8907822268899901]]",False,"[[1.0945370424434, 0.10637917565555438], [-0.2350634488807363, 0.8907822268899902]]",5.396300654998293e-16,-15.267903861600352,4,4,17
48,2.6971384386099455,-0.4873788340850105,2.2234382617689485,0.9999999999999998,"[[0.6828123289220277, 1.3281708998629167], [-0.8656893634250956, -0.21936250193157983]]",False,"[[0.6828123289220278, 1.328170899862917], [-0.8656893634250958, -0.21936250193158063]]",8.711006819470244e-16,-15.05993164627016,4,4,17
49,-3.0735435944049523,0.13514071375977688,2.0374855412795707,1.0,"[[0.4616597375313966, 0.7433470426354163], [-0.9931944970984414, 0.5668932907589878]]",False,"[[0.4616597375313967, 0.7433470426354164], [-0.9931944970984412, 0.5668932907589878]]",2.7194799110210365e-16,-15.565514144999181,4,4,17
50,2.992325879549944,-0.546265797529826,-0.7495366940412675,1.0000000000000002,"[[-1.1912906241641428, -1.2264225188213056], [0.5781354616317375, -0.24424069578306035]]",False,"[[-1.1912906241641423, -1.2264225188213056], [0.5781354616317372, -0.24424069578306015]]",5.33167196845001e-16,-15.273136578439436,4,4,17
51,-2.9863379160260655,-0.2242879176020811,-0.31863344649157765,0.9999999999999999,"[[-1.212854150947847, -0.26997513195918327], [0.06354717819704023, -0.8103561680623566]]",False,"[[-1.21285415094785, -0.2699751319590916], [0.06354717819704027, -0.8103561680623591]]",9.173717096788357e-14,-13.03745465696599,4,4,17
52,2.655514501670191,0.4848403967666406,-2.1347852178251543,0.9999999999999999,"[[0.932194163357427, -0.05461152057179929], [1.0596737148619566, 1.0106581269809825]]",False,"[[0.9321941633574271, -0.054611520571799396], [1.0596737148619566, 1.0106581269809825]]",1.5218182408308987e-16,-15.817637214660012,4,4,17
53,-0.2709204539395502,-0.8612571741999002,2.6164508835624103,0.9999999999999998,"[[-1.9159254124254577, -1.240822752094997], [0.7520476194533224, -0.0348876854442985]]",False,"[[-1.9159254124254583, -1.2408227520949962], [0.7520476194533225, -0.034887685444298794]]",1.1531932303822228e-15,-14.938097915725622,4,4,17
54,-0.5319880654348377,1.2958199352692668,-0.16044508236647737,1.0,"[[-0.06328462522274421, 1.8673518189261162], [-0.6401155302998434, 3.086387872896346]]",False,"[[-0.06328462522274503, 1.8673518189261185], [-0.6401155302998435, 3.0863878728963465]]",2.4104642808433922e-15,-14.617899299670519,4,4,17
55,-0.3313616113933011,-1.532782263530206,-2.6864980357527397,1.0000000000000002,"[[-3.9642853923446615, 1.8617287299459222], [1.263526730154991, -0.845636396677648]]",False,"[[-3.9642853923446606, 1.861728729945922], [1.2635267301549908, -0.8456363966776479]]",9.485749680535094e-16,-15.022928340130775,4,4,17
56,-3.0522485887498885,0.5905720971129695,-1.0189250402791954,0.9999999999999999,"[[-0.4264431289148038, -0.38544561804242955], [1.5050095635772263, -0.9846580473127939]]",False,"[[-0.4264431289148037, -0.3854456180424297], [1.505009563577226, -0.9846580473127936]]",4.47545209131181e-16,-15.349163087533556,4,4,17
57,2.946966897472673,0.6545726394714753,-2.2725619044628473,1.0,"[[0.6133659012450032, -0.14912077995298934], [1.3769827380502564, 1.2955778247651923]]",False,"[[0.6133659012450032, -0.14912077995298934], [1.3769827380502566, 1.2955778247651923]]",2.220446049250313e-16,-15.653559774527022,4,4,17
58,1.2973173375389004,0.5334540235501666,-2.5762960773247188,0.9999999999999998,"[[0.7454941781047352, 1.4709557482559963], [-0.7235563214959271, -0.08627744143477589]]",False,"[[0.7454941781047352, 1.4709557482559963], [-0.723556321495927, -0.08627744143477575]]",1.7772239894833365e-16,-15.750257833159099,4,4,17
59,-1.460928799883275,-0.29666388824822465,-0.8809603194399385,1.0000000000000002,"[[-0.4760032688841086, 0.5839733730093971], [-0.9139058495022588, -0.9796220928194451]]",False,"[[-0.4760032688841086, 0.5839733730093974], [-0.9139058495022588, -0.9796220928194449]]",4.002966042486721e-16,-15.397618094037584,4,4,17
60,2.41796687235082,-1.1107800863225012,1.3694819642367628,1.0,"[[-0.6686831285215793, 2.1861961415831597], [0.16024293719732516, -2.0193757452834675]]",False,"[[-0.6686831285215786, 2.1861961415831574], [0.16024293719732502, -2.0193757452834675]]",2.322363928470733e-15,-14.634069722692994,4,4,17
61,2.9216752674669095,1.5448705840741512,2.5249472139439506,0.9999999999999998,"[[-0.42148350670986084, 0.9546180509083324], [-2.6833931365260546, 3.7050453954922555]]",False,"[[-0.4214835067098608, 0.9546180509083328], [-2.6833931365260537, 3.705045395492255]]",1.0892074392614738e-15,-14.962889401100734,4,4,17
62,-1.6978982697340532,0.4188119533323995,-0.49704829991097244,0.9999999999999999,"[[-0.7923088262555945, 1.2856664890169645], [-0.4816791094414692, -0.48052135469805984]]",False,"[[-0.7923088262555941, 1.2856664890169651], [-0.48167910944146936, -0.48052135469805957]]",8.635508522760763e-16,-15.063712082864768,4,4,17
63,-1.752344285480124,1.0446020227199044,1.018254343592198,0.9999999999999998,"[[2.3462168691607466, 1.5213259541011288], [-0.6184385259371057, 0.025212255633042305]]",False,"[[2.346216869160746, 1.521325954101128], [-0.6184385259371057, 0.025212255633042514]]",1.0145982235717633e-15,-14.993705902410548,4,4,17
64,1.4425604304506496,-1.0837283110888962,0.6883861775465889,1.0,"[[0.0787337237260394, -0.4992703133561933], [2.291333925793099, -1.8288860264686528]]",False,"[[0.07873372372603916, -0.4992703133561929], [2.291333925793099, -1.828886026468653]]",5.497075661425421e-16,-15.259868285389478,4,4,17
65,0.48249964917813903,-0.4015073557417075,-1.7588397527317403,1.0,"[[0.05766918551074354, 1.3582319037545054], [-0.7120416974777839, 0.5701875167984497]]",False,"[[0.05766918551074367, 1.3582319037545052], [-0.7120416974777838, 0.5701875167984499]]",3.5571561302006606e-16,-15.448897072403057,4,4,17
66,0.616853224998029,0.5856738569869178,-3.025657932416004,1.0000000000000002,"[[-0.33088582709077874, 1.0846066588704186], [-0.48937406311091963, -1.4180771554856986]]",False,"[[-0.3308858270907792, 1.0846066588704146], [-0.48937406311091997, -1.4180771554857015]]",4.961343107790912e-15,-14.304400737755651,4,4,17
67,0.9388956648607465,-1.3611164390694368,-0.9288264516621663,1.0,"[[1.5452453416922665, 1.7214238788188636], [1.7632800850856267, 2.61146391102714]]",False,"[[1.5452453416922662, 1.7214238788188634], [1.7632800850856267, 2.61146391102714]]",3.1401849173675503e-16,-15.503044776695031,4,4,17
68,-2.93645066281852,-1.0721956034450058,-1.4444809274516222,0.9999999999999999,"[[-0.4295323327318225, -2.828950109714364], [0.2574287728331824, -0.6326574838304413]]",False,"[[-0.42953233273182334, -2.82895010971436], [0.25742877283318244, -0.632657483830442]]",4.136977623555962e-15,-14.383316828147866,4,4,17
69,0.24694145743205898,-0.45443023375462066,-2.8431173776414758,0.9999999999999998,"[[-1.4143219904269846, 0.5974899823060962], [-0.5490456257755596, -0.4751044976450227]]",False,"[[-1.4143219904269855, 0.5974899823060913], [-0.5490456257755599, -0.47510449764502427]]",5.213321721819273e-15,-14.282885473289074,4,4,17
70,2.86968649569197,-0.6977115498860184,-2.482808991313772,1.0000000000000004,"[[1.6121700361169284, -1.0790260486114753], [-0.13318666445860958, 0.7094238539709247]]",False,"[[1.612170036116928, -1.0790260486114784], [-0.13318666445860944, 0.7094238539709249]]",3.151083055281602e-15,-14.501540149674264,4,4,17
71,-1.5349142278939305,-1.014535958510434,-1.6858116088768023,1.0,"[[-0.37129836811368, 0.056708355459590666], [0.30339797765917487, -2.739589741615511]]",False,"[[-0.3712983681136803, 0.05670835545959504], [0.3033979776591748, -2.739589741615512]]",4.578765728404996e-15,-14.339251576490595,4,4,17
72,-0.2523940897220962,1.1028092286817177,0.06533802820634893,1.0,"[[0.3698549002416313, 0.7297282298583694], [0.1077510476877508, 2.916357145977744]]",False,"[[0.36985490024163187, 0.729728229858388], [0.10775104768775093, 2.916357145977747]]",1.884969910033332e-14,-13.724695578089905,4,4,17
73,-2.418672529548255,0.3034098692342073,2.84574638399923,1.0,"[[0.790832877174424, -0.6957454118952997], [0.17109760804966695, 1.1139643401786419]]",False,"[[0.790832877174424, -0.6957454118952983], [0.17109760804966703, 1.113964340178642]]",1.4626424656167145e-15,-14.834861821643837,4,4,17
74,-1.66343221437965,-0.32493010061250027,2.4694611522587744,0.9999999999999999,"[[0.5481619742666549, -0.483278677045068], [1.0366610473679727, 0.9103218462963097]]",False,"[[0.5481619742666549, -0.48327867704506805], [1.0366610473679727, 0.9103218462963097]]",5.551115123125783e-17,-16.255619765854984,4,4,17
75,1.9547558955682192,-1.5956124924327235,2.027712481666364,1.0000000000000009,"[[0.6462460240646624, 1.740711125111256], [-2.0853850778277248, -4.0697395530166744]]",False,"[[0.6462460240646626, 1.740711125111255], [-2.085385077827726, -4.069739553016675]]",1.8444410139024814e-15,-14.734135229158394,4,4,17
76,2.9274199415715234,1.5221522899116793,0.01401379647140244,1.0,"[[-0.22688163469377837, -0.9707864462485397], [-0.016362813078204468, -4.477598191365099]]",False,"[[-0.22688163469378592, -0.9707864462563445], [-0.016362813078204835, -4.477598191365513]]",7.815727244050343e-12,-11.107030605183702,4,4,17
77,1.5498652382617157,0.4688835755695462,-2.942999481879509,1.0,"[[0.30240388609084357, 1.5690367233053706], [-0.6198673079521195, 0.09062525816368852]]",False,"[[0.3024038860908432, 1.5690367233053701], [-0.6198673079521198, 0.09062525816368804]]",7.958884084524424e-16,-15.099147820441619,4,4,17
78,1.8104348605375966,0.2801461261240785,-0.6483764411029114,1.0,"[[0.6333474446561287, -1.1329479487824983], [0.7747874003100558, 0.19295286514110582]]",False,"[[0.6333474446561285, -1.1329479487824983], [0.7747874003100559, 0.19295286514110577]]",2.5438405243138006e-16,-15.594510118488024,4,4,17
79,2.789817787486533,-0.35597691523727626,-0.3407610762248301,0.9999999999999999,"[[-1.1824308339045861, -0.6753707214226953], [0.6833785297712309, -0.4553891305130438]]",False,"[[-1.1824308339045864, -0.6753707214226949], [0.6833785297712309, -0.4553891305130439]]",4.1540741810552243e-16,-15.381525752351884,4,4,17
80,-2.058794208215973,-1.0845084887716498,2.373043324760779,0.9999999999999993,"[[1.2046120998722205, 0.7493341397968564], [1.7681523371803276, 1.9300295180975184]]",False,"[[1.2046120998722203, 0.7493341397968559], [1.7681523371803276, 1.9300295180975184]]",4.965068306494546e-16,-15.304074772359012,4,4,17
81,1.6260887666929653,0.38836801101924223,2.8402958414227513,1.0,"[[-0.40113377878676343, 1.4171164702930235], [-0.6708066753958861, -0.1231230440462068]]",False,"[[-0.4011337787867637, 1.4171164702930241], [-0.6708066753958859, -0.12312304404620616]]",9.887375990478772e-16,-15.004918950471613,4,4,17
82,-2.2073054926579907,1.5362214020831657,-2.460618535599953,1.0000000000000007,"[[-2.253250418902212, -2.9840256163445797], [1.8733591911353475, 2.0371245807639835]]",False,"[[-2.253250418902212, -2.9840256163445797], [1.8733591911353475, 2.0371245807639835]]",0.0,-300.0,4,4,17
83,-1.1644275828287438,0.216748312868972,1.0403513490526963,1.0,"[[1.14511344814961, 0.30267578959261826], [0.04932261274682723, 0.8863128473409698]]",False,"[[1.14511344814961, 0.302675789592618], [0.0493226127468273, 0.8863128473409698]]",2.8785957662940594e-16,-15.540819317683148,4,4,17
84,-0.3363463955416006,-1.4692093471050858,-2.5553509843065125,1.0000000000000009,"[[-3.459327611858486, 2.20626235211767], [1.074629635883959, -0.9744422287629798]]",False,"[[-3.4593276118584866, 2.2062623521176716], [1.074629635883959, -0.9744422287629801]]",1.8610729195778454e-15,-14.730236610238464,4,4,17
85,1.2102357791625096,1.1538344981714848,-2.3569406058309346,0.9999999999999999,"[[2.0173000320176717, 2.1778059764311117], [-0.9991528028656543, -0.5829380492660484]]",False,"[[2.0173000320176717, 2.177805976431113], [-0.9991528028656542, -0.5829380492660489]]",1.4087150935148696e-15,-14.851176832175078,4,4,17
86,-0.8907508593302653,-0.8249509985111679,2.8143865282695817,1.0000000000000002,"[[-1.2491931156318623, -0.7838401496293227], [1.7686189837602033, 0.3092512791126407]]",False,"[[-1.2491931156318627, -0.7838401496293228], [1.7686189837602033, 0.30925127911264083]]",4.710277376051325e-16,-15.32695351763935,4,4,17
87,2.6927244009876192,1.5194504456703437,-0.6676589465462288,0.9999999999999997,"[[1.0729589900891219, -1.6792724042508258], [2.623628120381104, -3.1741998837155565]]",False,"[[1.072958990089122, -1.6792724042508258], [2.623628120381104, -3.174199883715555]]",1.3506446028928519e-15,-14.869458912493524,4,4,17
88,2.9872999783187284,0.7695023588035173,2.831322991180219,1.0,"[[0.3345953981572822, 0.4556649296344563], [-0.7190448377592746, 2.0094612427465264]]",False,"[[0.334595398157282, 0.4556649296344568], [-0.7190448377592746, 2.0094612427465264]]",5.266250202865052e-16,-15.278498511135322,4,4,17
89,-1.4924519721320737,0.5909220523068104,-0.9902916367836112,1.0,"[[-1.4814581904362214, 1.0235090124381891], [-0.42097487116346033, -0.3841677267899208]]",False,"[[-1.4814581904362243, 1.0235090124381827], [-0.4209748711634604, -0.38416772678992195]]",7.152542366092424e-15,-14.145539561092686,4,4,17
90,-2.612408726473573,0.622049960004218,1.0957074084516352,1.0000000000000002,"[[0.6242496947097739, 0.842231212474094], [-1.5538442072543182, -0.49450739549848016]]",False,"[[0.6242496947097738, 0.8422312124740939], [-1.5538442072543184, -0.49450739549848055]]",4.742874840267547e-16,-15.323958335794757,4,4,17
91,-2.330292160976116,-1.0753350248696567,2.090191698945241,1.0000000000000002,"[[1.2165051064016588, 1.6291780681072845], [0.8510581879606869, 1.9617881765970235]]",False,"[[1.2165051064016588, 1.6291780681072843], [0.851058187960687, 1.9617881765970235]]",2.482534153247273e-16,-15.605104768022994,4,4,17
92,0.19662604309105092,-0.6447319218847771,-0.8225250268149358,1.0,"[[1.3465917577289181, 1.299794824719155], [-0.12392620133334506, 0.6229960639850411]]",False,"[[1.346591757728918, 1.2997948247191533], [-0.12392620133334491, 0.6229960639850415]]",1.827288905615133e-15,-14.738192782589925,4,4,17
93,2.2540448539299582,-1.0611235435442978,2.241522527726781,1.0,"[[0.9236338844872165, 1.5958865230598291], [-1.5640362051276804, -1.619715697385298]]",False,"[[0.9236338844872166, 1.595886523059829], [-1.5640362051276808, -1.6197156973852977]]",5.551115123125783e-16,-15.255619765854984,4,4,17
94,2.583438277809197,-0.02286721487289145,2.1173558212814525,1.0,"[[0.008832225417762612, 1.0104714234105987], [-0.9899170339745651, -0.03202753160125293]]",False,"[[0.008832225417763288, 1.0104714234105991], [-0.9899170339745647, -0.03202753160125287]]",9.247817195788985e-16,-15.033960763660222,4,4,17
95,-2.378846093170163,-0.29878703564098075,-1.1885913145441038,0.9999999999999999,"[[-0.8390086749965611, -0.7132258403859811], [0.15010789844531988, -1.0642788264214587]]",False,"[[-0.8390086749965618, -0.7132258403859763], [0.15010789844531988, -1.064278826421459]]",4.9663094184515624e-15,-14.303966225872898,4,4,17
96,-1.4601555782345501,0.7126371944698286,1.6895446455737186,1.0,"[[2.0062046367173454, -0.29388555644280856], [0.28132696216651354, 0.4572425227180706]]",False,"[[2.006204636717346, -0.29388555644280995], [0.2813269621665137, 0.45724252271807025]]",1.5039322214409696e-15,-14.82277173589695,4,4,17
97,0.5755052971541028,-1.105622098045755,2.4135780004440157,0.9999999999999999,"[[-2.011834990829984, -1.5519158046043209], [-1.0426674208655655, -1.3013652020771265]]",False,"[[-2.011834990829986, -1.5519158046043224], [-1.0426674208655657, -1.3013652020771262]]",2.3811631099687442e-15,-14.623210854350216,4,4,17
98,0.36298087796265177,1.2197784226744832,0.2992496071745183,0.9999999999999999,"[[-0.09068401086479787, -1.2303416833558987], [1.033472627344835, 2.9941822096345896]]",False,"[[-0.09068401086479802, -1.2303416833558987], [1.0334726273448351, 2.99418220963459]]",5.194446892679256e-16,-15.28446068954006,4,4,17
99,-1.5173377325117043,1.1527125119607486,0.6575189110812616,1.0,"[[1.9459781813400954, 2.492641388944563], [-0.14617169294365753, 0.32664620516906634]]",False,"[[1.9459781813400956, 2.4926413889445613], [-0.1461716929436576, 0.32664620516906623]]",1.7944789959805767e-15,-14.746061620631448,4,4,17
100,2.643139206582698,-1.0606874587348583,1.9789072184198258,1.0,"[[0.854916538133941, 2.3942477300879483], [-0.8271349609889691, -1.14673884419654]]",False,"[[0.8549165381339412, 2.3942477300879488], [-0.8271349609889692, -1.1467388441965407]]",8.3820000221454525e-16,-15.076652342354757,4,4,17
101,-0.31657058544114935,0.1555816545975639,-1.5935397875106894,0.9999999999999999,"[[-0.3821179300361908, 0.8049037029785928], [-1.1039342998179997, -0.2916356063711989]]",False,"[[-0.3821179300361909, 0.8049037029785927], [-1.1039342998179997, -0.2916356063711994]]",5.147892387644517e-16,-15.2883705402332,4,4,17
102,0.5709823963991294,1.0722429631969574,3.045366020075951,1.0000000000000002,"[[-0.4383433640871034, 1.5442093787903903], [0.05208980675991079, -2.464820176730996]]",False,"[[-0.43834336408710306, 1.5442093787903672], [0.05208980675991063, -2.464820176730995]]",2.311266399234273e-14,-13.636149994352323,4,4,17
103,-0.893462345977805,1.528421911556142,-1.23529438427846,1.0000000000000002,"[[-3.3479432779583753, 1.311321011405866], [-2.7842556918950203, 0.7918452523858074]]",False,"[[-3.3479432779583758, 1.3113210114058667], [-2.7842556918950194, 0.7918452523858076]]",1.2161883888976235e-15,-14.91499914716719,4,4,17
104,0.6997436309692664,0.6875488550151281,-2.8168437735253287,0.9999999999999998,"[[0.04413693795552949, 1.3366343199922672], [-0.7923504839256017, -1.338625944939139]]",False,"[[0.044136937955529996, 1.3366343199922683], [-0.7923504839256018, -1.3386259449391387]]",1.2453139923204959e-15,-14.904721132151202,4,4,17
105,0.7882743024019256,1.5849291994799577,-2.6982168400067597,0.9999999999999998,"[[1.3537033244881418, 3.187301607080477], [-1.6070223860983779, -3.045028374577041]]",False,"[[1.3537033244881422, 3.1873016070804763], [-1.607022386098379, -3.0450283745770417]]",1.7342238036525468e-15,-14.760894857021638,4,4,17
106,2.6191340133553718,1.0846048987929127,0.014970670710595435,1.0000000000000002,"[[-0.31500593907543295, -1.4716627074187363], [0.13028716219465747, -2.565860327951328]]",False,"[[-0.31500593907543356, -1.4716627074187185], [0.13028716219465736, -2.5658603279513295]]",1.7824266748285313e-14,-13.748988327042635,4,4,17
107,1.3564642398629436,-1.5808050237636195,-1.7982923974678142,1.0,"[[-0.0371657290612351, 1.0521837584384632], [-1.113434748024921, 4.615487501138878]]",False,"[[-0.037165729061235, 1.0521837584384628], [-1.1134347480249207, 4.615487501138877]]",1.0228456843726507e-15,-14.990189882886739,4,4,17
108,2.170428772182478,0.19316612734542415,0.24047294023041088,0.9999999999999998,"[[-0.6903320173103618, -0.8618416359976172], [0.49790680107182617, -0.826969014437668]]",False,"[[-0.6903320173103622, -0.8618416359976157], [0.4979068010718262, -0.8269690144376685]]",1.6773188315764163e-15,-14.775384377087835,4,4,17
109,1.9153319548964918,1.5337445618997942,-1.3317403874362554,1.0000000000000002,"[[4.2217542496209, -1.1039068848586353], [1.5692394746366047, -0.17345733947186842]]",False,"[[4.2217542496209, -1.1039068848586342], [1.5692394746366045, -0.17345733947186803]]",1.1970346188077032e-15,-14.921893289410008,4,4,17
110,2.961193130341285,1.030516400608275,0.14015695730471878,0.9999999999999999,"[[-0.41783516952205996, -0.4488647591490679], [-0.3217593123985282, -2.738942290503658]]",False,"[[-0.41783516952206, -0.44886475914906815], [-0.32175931239852823, -2.7389422905036573]]",5.026748538604307e-16,-15.298712839663127,4,4,17
111,-2.466268115802597,1.212703271645121,1.8481849822356882,1.0,"[[2.0853162440247495, -0.3524089232510816], [-2.4732574215656746, 0.8975127826388778]]",False,"[[2.0853162440247495, -0.35240892325108153], [-2.473257421565675, 0.8975127826388777]]",4.611102534756203e-16,-15.336195220486356,4,4,17
112,1.076229799823344,-1.5134684500096207,1.2657034502363933,1.0,"[[0.46282895420340076, -2.11471286524153], [1.3006396951567698, -3.782130483613941]]",False,"[[0.46282895420340087, -2.1147128652415303], [1.3006396951567694, -3.782130483613941]]",6.377745716588144e-16,-15.195332800252059,4,4,17
113,-0.9576742945424321,-0.24414281606859833,-0.22033025990111677,1.0,"[[0.5767626082778265, 0.7857356511946554], [-1.117292915422481, 0.21170429874074767]]",False,"[[0.5767626082778268, 0.7857356511946555], [-1.1172929154224807, 0.21170429874074806]]",6.4018582627671775e-16,-15.193693945371441,4,4,17
114,2.842051184981961,-1.2735552522388272,-1.3467801877042087,1.0,"[[-0.6779910345169835, -3.347440299284022], [0.4949447573881576, 0.9687414631793617]]",False,"[[-0.6779910345169834, -3.347440299284022], [0.4949447573881575, 0.9687414631793618]]",1.6653345369377348e-16,-15.778498511135322,4,4,17
115,-1.0713293985248398,-1.1795534249477477,2.087551831142407,1.0,"[[-0.5351293652727198, -1.4879051189584485], [1.5388261731536685, 2.4099356602591713]]",False,"[[-0.5351293652727198, -1.487905118958448], [1.5388261731536685, 2.4099356602591713]]",4.440892098500626e-16,-15.35252977886304,4,4,17
116,0.6876043839169776,-0.999987139627196,-1.144547064372555,0.9999999999999999,"[[1.0811006572686874, 1.8160835965336515], [0.4544624663137707, 1.6884106193444033]]",False,"[[1.0811006572686874, 1.816083596533651], [0.4544624663137708, 1.6884106193444033]]",4.577566798522237e-16,-15.339365309501867,4,4,17
117,2.4900858850457412,-1.522758789724864,-0.817450821467891,1.0,"[[-2.397521684397995, -2.749697852523062], [2.028383335167588, 1.9092387487428524]]",False,"[[-2.397521684397995, -2.749697852523062], [2.028383335167588, 1.9092387487428522]]",2.220446049250313e-16,-15.653559774527022,4,4,17
118,2.99821239618891,0.1505404090079665,-0.6262612417230091,1.0,"[[-0.5924812824653625, -0.633612710541179], [0.7739430110781517, -0.8601450982988041]]",False,"[[-0.5924812824653622, -0.6336127105411786], [0.7739430110781517, -0.8601450982988044]]",4.577566798522237e-16,-15.339365309501867,4,4,17
119,1.726137903139131,1.1542435210246649,1.6641648485668528,1.0000000000000002,"[[-3.1152366183962625, 0.34070845148614526], [-0.5176104905027117, -0.26439267131234917]]",False,"[[-3.1152366183962568, 0.34070845148615136], [-0.5176104905027115, -0.2643926713123486]]",8.424537350300188e-15,-14.074453939919971,4,4,17
120,-0.5833512518836312,0.195497377642031,0.7841696960687363,0.9999999999999997,"[[0.9589703781870224, -0.010601179988453623], [0.39598956170844274, 1.0384075108403132]]",False,"[[0.9589703781870224, -0.010601179988453979], [0.39598956170844285, 1.0384075108403132]]",3.725457500535247e-16,-15.428820386604956,4,4,17
121,-1.5314331084554358,-0.3282429548409531,1.6239745532651417,0.9999999999999998,"[[0.7157084200265661, -0.09281612545487243], [0.10204893019123566, 1.38398289858888]]",False,"[[0.715708420026566, -0.09281612545487494], [0.10204893019123575, 1.3839828985888798]]",2.525490486386201e-15,-14.597654263151536,4,4,17
122,-1.9554089592481783,-1.5952593958445456,-0.8000716722397851,1.0000000000000002,"[[-1.42342432721825, -1.1959101808085932], [-3.128742181094573, -3.33118841432394]]",False,"[[-1.4234243272182514, -1.1959101808085955], [-3.1287421810945752, -3.331188414323942]]",3.845925372767128e-15,-14.41499914716719,4,4,17
123,-2.8436146293813023,0.9283910973893064,1.8115306148066423,1.0000000000000004,"[[0.8115493265848034, 0.1897597419436671], [-2.3215079202691213, 0.6893866309814383]]",False,"[[0.8115493265848034, 0.18975974194366704], [-2.32150792026912, 0.6893866309814383]]",1.3334236103572998e-15,-14.875031859277119,4,4,17
124,-0.5107152775323431,-0.19227118101580132,-2.69877471327774,0.9999999999999998,"[[-1.1281688250137558, 0.08865526603000128], [0.22686147877893353, -0.9042196895847281]]",False,"[[-1.128168825013755, 0.08865526602999492], [0.22686147877893345, -0.9042196895847276]]",6.433668188892747e-15,-14.191541341234618,4,4,17
125,1.6610791759608974,0.8542393233157566,0.5929831351883115,1.0000000000000002,"[[-1.339510719359784, -1.9190789420066394], [0.23312489861266916, -0.41254982750650554]]",False,"[[-1.3395107193597853, -1.9190789420066305], [0.23312489861266925, -0.4125498275065063]]",9.015094704838551e-15,-14.045029706592965,4,4,17
126,1.614078917305231,0.9025646427809453,2.9772916031946375,0.9999999999999998,"[[-0.38564446527422414, 2.4333021423290786], [-0.41714416183446507, 0.03899390243077605]]",False,"[[-0.3856444652742237, 2.433302142329078], [-0.4171441618344652, 0.03899390243077562]]",7.693102572500887e-16,-15.113898477054757,4,4,17
127,0.5346709918305144,-0.06806613952401941,1.4118233632913837,1.0000000000000002,"[[-0.32422101994051744, -0.9847854195952198], [0.8800295535504881, -0.41132350664696377]]",False,"[[-0.32422101994051733, -0.98478541959522], [0.880029553550488, -0.4113235066469638]]",2.7755575615628914e-16,-15.556649761518965,4,4,17
128,-1.7710308422979517,0.7709180732567242,-0.620438928173797,0.9999999999999999,"[[-1.3065736550927034, 1.670215377515309], [-0.11887118602540851, -0.6134055390088322]]",False,"[[-1.306573655092696, 1.6702153775153201], [-0.11887118602540851, -0.6134055390088347]]",1.3524685667257562e-14,-13.868872819719499,4,4,17
129,-2.609715733636096,1.175751257269741,2.8832549956679765,1.0,"[[0.6769942730983706, -1.5209824841015067], [-0.5622086013454174, 2.740214369269901]]",False,"[[0.6769942730983705, -1.5209824841015067], [-0.5622086013454171, 2.740214369269901]]",3.510833468576701e-16,-15.454589770191003,4,4,17
130,0.4937508647602704,0.7581240838183172,0.4511965283066832,0.9999999999999998,"[[-0.06976294272452727, -1.0901771972832537], [1.019314800867653, 1.5944532787050616]]",False,"[[-0.06976294272452715, -1.0901771972832535], [1.019314800867653, 1.5944532787050611]]",5.087681048627601e-16,-15.293480122824043,4,4,17
131,0.9023122992164163,1.082577717306639,0.835894881911071,1.0,"[[-1.5780877903528607, -1.7092247727337555], [1.5357665533226628, 1.0297083901217483]]",False,"[[-1.5780877903528612, -1.7092247727337557], [1.5357665533226628, 1.0297083901217483]]",4.965068306494546e-16,-15.304074772359012,4,4,17
132,0.07632589136842993,1.5049373964663384,2.5315405033384595,1.0000000000000002,"[[-0.37820457662945034, 0.15464650729031398], [2.558925325654005, -3.6904071242813132]]",False,"[[-0.37820457662945023, 0.154646507290314], [2.558925325654005, -3.690407124281313]]",4.585973723508303e-16,-15.338568437998587,4,4,17
133,-2.1417781305570163,1.3136895797263164,-2.539903266712952,0.9999999999999997,"[[-1.6518013683328707, -2.6623791059796527], [1.3244400191475074, 1.529337293533797]]",False,"[[-1.651801368332871, -2.662379105979653], [1.3244400191475076, 1.5293372935337972]]",5.874748045952207e-16,-15.231010754519893,4,4,17
134,0.011736474535497088,-0.36523204770986095,2.476693023230016,1.0,"[[-1.1388643764207993, -0.8825033677799822], [0.41486880274838056, -0.5565868048132658]]",False,"[[-1.1388643764207995, -0.8825033677799807], [0.41486880274838056, -0.5565868048132661]]",1.4770556661825108e-15,-14.8306031370101,4,4,17
135,-0.43440882568672023,-0.507394754727011,-1.1521077856003503,0.9999999999999999,"[[0.38105748165050124, 1.4795635503569182], [-0.7831772344592983, -0.41663134099260185]]",False,"[[0.38105748165050146, 1.4795635503569182], [-0.7831772344592984, -0.41663134099260146]]",4.611102534756203e-16,-15.336195220486356,4,4,17
136,2.686655563466233,1.5000950449222281,-2.4190478739169476,0.9999999999999998,"[[1.4527376276138373, 1.3448129095256922], [2.588991938755648, 3.085009775135983]]",False,"[[1.4527376276138373, 1.3448129095256927], [2.588991938755648, 3.0850097751359833]]",6.280369834735101e-16,-15.20201478103105,4,4,17
137,-2.5653908889043695,1.4243179722403183,0.5786593319780167,0.9999999999999998,"[[1.0691386041158073, 2.0056468673597694], [-2.015266637393976, -2.845200057760134]]",False,"[[1.0691386041158075, 2.005646867359769], [-2.015266637393977, -2.845200057760135]]",1.6764000044290905e-15,-14.775622346690776,4,4,17
138,2.1050008263532147,-0.08703785087613158,-1.0187335450281672,1.0000000000000002,"[[0.38042321276358987, -0.8866921009336152], [0.8898045550148762, 0.5546909931195327]]",False,"[[0.3804232127635898, -0.886692100933615], [0.8898045550148762, 0.5546909931195327]]",2.2887833992611187e-16,-15.640395305165848,4,4,17
139,-0.6723127922465593,-1.1128372696121507,1.3738051420150894,0.9999999999999998,"[[0.666673265876597, -2.2946750684802764], [-0.11878142516672967, 1.9088282672552899]]",False,"[[0.6666732658765971, -2.294675068480276], [-0.11878142516672946, 1.9088282672552892]]",8.346309728765541e-16,-15.078505502802138,4,4,17
140,2.605951157500269,-0.3005947146676262,2.323163845936186,0.9999999999999999,"[[0.5178438874078682, 1.106206435939761], [-0.9359168434179624, -0.06820054567055024]]",False,"[[0.5178438874078685, 1.1062064359397612], [-0.9359168434179621, -0.06820054567054967]]",7.302670755284163e-16,-15.13651827931016,4,4,17
141,2.0375737758326107,1.296408551223036,-2.384235578345119,0.9999999999999999,"[[2.332518483778882, 2.287981474699573], [0.9528416870567853, 1.3633693153656816]]",False,"[[2.3325184837788817, 2.287981474699573], [0.9528416870567852, 1.3633693153656818]]",5.087681048627601e-16,-15.293480122824043,4,4,17
142,1.5336143168968563,-1.3180877708314982,1.1530765495563866,1.0,"[[-0.18811976404541997, -0.23545087024066255], [1.5237663248678057, -3.4086152298789822]]",False,"[[-0.1881197640454198, -0.23545087024066236], [1.5237663248678053, -3.4086152298789827]]",6.781681728890496e-16,-15.168662595954281,4,4,17
143,-0.970198248874854,0.8239572611963837,2.93916400903748,1.0,"[[0.13523109830339217, -1.8920294700138791], [0.6135272162042179, -1.1891611894859782]]",False,"[[0.1352310983033921, -1.8920294700138778], [0.6135272162042179, -1.189161189485979]]",1.602148379482783e-15,-14.795297265151591,4,4,17
144,0.5495380826419796,-0.4965827652228061,-2.8426977175340213,0.9999999999999999,"[[-1.245450405293857, 0.716374302604949], [-0.972955805716332, -0.24328504926941294]]",False,"[[-1.245450405293857, 0.7163743026049485], [-0.9729558057163324, -0.24328504926941316]]",7.447602459741819e-16,-15.127983513303331,4,4,17
145,1.3076276373887419,-0.29638563412146257,-2.149396955384937,1.0,"[[0.4097115494673926, 0.685522653132589], [-0.872120572063997, 0.9815236893125036]]",False,"[[0.4097115494673924, 0.685522653132589], [-0.8721205720639974, 0.9815236893125036]]",4.742874840267547e-16,-15.323958335794757,4,4,17
146,-2.238927700061212,1.1816657424124175,-0.8565693883586087,1.0000000000000004,"[[-2.057977349257765, 1.532551286911177], [1.3682065803325572, -1.5048011857690842]]",False,"[[-2.057977349257765, 1.5325512869111784], [1.3682065803325572, -1.5048011857690848]]",1.4895204919483639e-15,-14.82695351763935,4,4,17
147,2.9712770160929223,1.134559617670285,0.6593018709172673,1.0,"[[-0.5733706715776801, -0.22249483568543157], [-1.8343150673375384, -2.4558731363569657]]",False,"[[-0.5733706715776792, -0.22249483568543021], [-1.8343150673375381, -2.4558731363569652]]",1.698541449800999e-15,-14.769923850501224,4,4,17
148,-1.9065665153584945,-0.9946481207437042,-1.4782494527041283,0.9999999999999999,"[[-0.4300362380156079, -0.8547998338255209], [-0.11457129076751077, -2.5531232562531034]]",False,"[[-0.4300362380156109, -0.854799833825607], [-0.11457129076751096, -2.5531232562531097]]",8.631889861180927e-14,-13.063894109681323,4,4,17
149,-0.5274209046496288,1.0940136009869614,0.5307226955410878,1.0,"[[1.010308514868817, 1.1497788751244022], [1.1607444506590692, 2.3107787516655858]]",False,"[[1.010308514868817, 1.1497788751244016], [1.1607444506590692, 2.3107787516655858]]",6.661338147750939e-16,-15.176438519807359,4,4,17
150,-1.5008318450608589,-0.6437365589081993,-1.6806952165552929,1.0000000000000002,"[[-0.535474493465332, 0.07479595484097236], [0.1717671106020867, -1.8914952951224604]]",False,"[[-0.5354744934653318, 0.0747959548409696], [0.17176711060208655, -1.8914952951224602]]",2.7829376718432613e-15,-14.55549652024794,4,4,17
151,-3.100501701710016,-0.19277831213525642,0.851954512635066,1.0,"[[-0.7723540351892572, 0.9341135210219884], [-0.6528960236094206, -0.5051064392113311]]",False,"[[-0.7723540351892575, 0.934113521021988], [-0.6528960236094207, -0.5051064392113316]]",7.195067539997724e-16,-15.142965124992052,4,4,17
152,2.197593354752012,-0.6849449764089283,-0.12773005969977635,1.0,"[[-1.1020367912026678, -0.5531775562005058], [1.6311672430472384, -0.08863124309145642]]",False,"[[-1.1020367912026685, -0.5531775562005055], [1.6311672430472388, -0.0886312430914566]]",8.856812442120027e-16,-15.052722552139947,4,4,17
153,-1.2396779911951565,-1.0005617968332858,2.852923631565277,0.9999999999999997,"[[-0.748644539804694, -0.5850285248836863], [2.4996723627789788, 0.6176223968850829]]",False,"[[-0.7486445398046944, -0.5850285248836865], [2.4996723627789788, 0.617622396885083]]",4.1540741810552243e-16,-15.381525752351884,4,4,17
154,-2.7074519924165887,0.6084384535543061,-2.6793953478432293,1.0000000000000002,"[[0.09724858949020682, -0.9119898387214791], [0.9482724122104705, 1.390099295350279]]",False,"[[0.09724858949020708, -0.9119898387214789], [0.9482724122104703, 1.3900992953502789]]",4.66301930857378e-16,-15.331332786220463,4,4,17
155,-2.6072772436917613,-0.8873689020350988,2.6739367573691286,0.9999999999999999,"[[1.9602992307277274, 0.7550911619251919], [0.9442952275879688, 0.8738609666055321]]",False,"[[1.9602992307277272, 0.7550911619251918], [0.9442952275879688, 0.873860966605532]]",2.7194799110210365e-16,-15.565514144999181,4,4,17
156,3.0436854968008875,0.8973492815857003,-0.17112523575259964,1.0,"[[-0.35893639711096065, -0.30537585664520284], [0.4550055062369822, -2.398899389098214]]",False,"[[-0.3589363971109607, -0.3053758566452033], [0.45500550623698205, -2.3988993890982133]]",1.008410140090063e-15,-14.99636279591604,4,4,17
157,-0.45915176311059946,-0.6551441017945483,-0.07671643793886673,0.9999999999999999,"[[1.7032841108356402, 0.3617831088826154], [-0.8864952303160241, 0.39880663199130045]]",False,"[[1.7032841108356398, 0.3617831088826158], [-0.8864952303160237, 0.3988066319913004]]",6.798699777552592e-16,-15.167574136327143,4,4,17
158,-0.40395064393974867,-0.5918119252947762,1.4014992186716633,0.9999999999999999,"[[0.4943733713757862, -1.6014011707964952], [0.38182907499225516, 0.7859211170334685]]",False,"[[0.4943733713757861, -1.601401170796496], [0.3818290749922552, 0.7859211170334685]]",6.77599954797753e-16,-15.169026631648848,4,4,17
159,1.3991360992103,1.5408830456260447,2.5565580416231137,0.9999999999999999,"[[-2.5708042775355797, 3.814860229750128], [0.26445729089410924, -0.7814160023979482]]",False,"[[-2.5708042775355797, 3.8148602297501255], [0.2644572908941092, -0.7814160023979481]]",2.667424898013851e-15,-14.573907799396396,4,4,17
160,2.4428443638673834,0.010217661807590872,2.246593236273757,0.9999999999999999,"[[-0.03297226607312214, 0.9977964002878712], [-1.0017812310048977, -0.012928860467618136]]",False,"[[-0.032972266073122355, 0.997796400287871], [-1.0017812310048981, -0.012928860467618432]]",6.170765215070166e-16,-15.20966097728343,4,4,17
161,2.7486656236305755,1.383143784987387,-0.28877622106269607,0.9999999999999999,"[[0.21270539976843153, -1.5295167687372944], [1.141047076841665, -3.503675218209503]]",False,"[[0.21270539976843136, -1.529516768737294], [1.1410470768416645, -3.5036752182095037]]",1.1004656964352382e-15,-14.958423490667272,4,4,17
162,-1.8078570492108992,-0.21752152937336655,2.4905050983240633,1.0,"[[0.7061331661028748, -0.4451164295466439], [0.8465502355402692, 0.8825340766300369]]",False,"[[0.7061331661028748, -0.4451164295466437], [0.8465502355402691, 0.882534076630037]]",2.2887833992611187e-16,-15.640395305165848,4,4,17
163,-3.1384140057743712,-0.4210449444633668,0.5047045346442216,0.9999999999999997,"[[-1.33257662787771, 0.7385346431676656], [-0.3216198136936693, -0.5721791975838754]]",False,"[[-1.3325766278777098, 0.7385346431676619], [-0.32161981369366927, -0.5721791975838764]]",3.8044380292047015e-15,-14.41970948576336,4,4,17
164,-0.0594175346601471,0.31428379889290925,-2.7427696872909624,1.0,"[[-0.7033842246741994, 0.20817450320429215], [-0.4908346553504855, -1.2764300192868618]]",False,"[[-0.7033842246741987, 0.20817450320429184], [-0.49083465535048554, -1.2764300192868625]]",9.918492907659913e-16,-15.003554312887259,4,4,17
165,2.764666208534046,-0.4688299858833169,1.6431572155768333,1.0,"[[-0.12227790252098114, 1.498697855708647], [-0.6228115112436903, -0.5446096327747606]]",False,"[[-0.12227790252098046, 1.4986978557086483], [-0.6228115112436903, -0.5446096327747592]]",2.0785664878092994e-15,-14.68223607901109,4,4,17
166,0.007307407016939216,-0.19314596793479,-1.9762933046516202,0.9999999999999998,"[[-0.47297420261213396, 1.117035054072737], [-0.7609877377944383, -0.31703636337026064]]",False,"[[-0.47297420261213385, 1.1170350540727376], [-0.7609877377944381, -0.3170363633702602]]",8.3820000221454525e-16,-15.076652342354757,4,4,17
167,2.6915945724924057,-0.5050369032513911,-2.473753297753183,1.0000000000000002,"[[1.334087000686861, -0.7179345945048701], [-0.22938338201493996, 0.8730182250133685]]",False,"[[1.334087000686861, -0.7179345945048715], [-0.22938338201493993, 0.8730182250133686]]",1.447819792471103e-15,-14.839285490629086,4,4,17
168,0.7747547556985275,-0.7680353627935208,0.06012145572737637,1.0,"[[1.5180412044881961, -0.41649790124315883], [1.525074247008713, 0.24031612304217723]]",False,"[[1.5180412044881961, -0.4164979012431589], [1.5250742470087129, 0.2403161230421772]]",2.3055512673781017e-16,-15.637225216150338,4,4,17
169,-0.7502132408918629,1.155284076419211,-3.0173523181733946,1.0,"[[-0.49688201254153436, -2.1194095232913637], [-0.07472996833901224, -2.331304771222998]]",False,"[[-0.4968820125415348, -2.119409523291204], [-0.07472996833901244, -2.3313047712229746]]",1.6159611957997461e-13,-12.791569072182957,4,4,17
170,-2.1975577853977297,1.1894182047844777,-2.8920689204669334,0.9999999999999997,"[[-0.4840470635872787, -2.622446292165478], [0.7147233477238724, 1.8062780645397252]]",False,"[[-0.48404706358727895, -2.622446292165479], [0.7147233477238725, 1.8062780645397254]]",9.485749680535094e-16,-15.022928340130775,4,4,17
171,-1.0840426828989989,-0.24502256084207308,-2.369020340622966,1.0,"[[-0.9108251986985789, -0.07826240213211674], [0.5531455728068866, -1.050376625625169]]",False,"[[-0.9108251986985791, -0.07826240213211498], [0.5531455728068866, -1.0503766256251696]]",1.897200693934436e-15,-14.72188672516931,4,4,17
172,-1.461724139143304,-1.2098233169054968,-2.2933070863203042,0.9999999999999999,"[[-0.46375415471925885, 0.07773907610404236], [2.1796376796572683, -2.5216874232987863]]",False,"[[-0.46375415471925885, 0.07773907610404253], [2.1796376796572683, -2.5216874232987863]]",1.6653345369377348e-16,-15.778498511135322,4,4,17
173,1.5223137553876143,0.3955680696040058,2.5232631499019957,0.9999999999999999,"[[-0.8865261641293425, 1.189897590714167], [-0.5062656947964665, -0.4484872365734737]]",False,"[[-0.8865261641293414, 1.1898975907141676], [-0.5062656947964665, -0.44848723657347406]]",1.336885555457667e-15,-14.873905769073517,4,4,17
174,2.7796813307770947,-1.5910885654243143,0.06069648377512982,0.9999999999999998,"[[-4.587008546411946, 0.20650080046556304], [1.7233673212917329, -0.29559062679391146]]",False,"[[-4.587008546411946, 0.2065008004655627], [1.7233673212917329, -0.2955906267939114]]",3.3766115072321297e-16,-15.471518903821487,4,4,17
175,0.7227252170476892,0.9107546811989304,-2.5440012848838345,1.0000000000000002,"[[0.6758670606989758, 1.5291888439662051], [-1.2690927401162269, -1.3918158094158202]]",False,"[[0.6758670606989758, 1.5291888439662051], [-1.2690927401162277, -1.391815809415822]]",1.9860273225978185e-15,-14.70201478103105,4,4,17
176,0.05606728942632744,-1.3788503935615926,1.4462014687136096,0.9999999999999998,"[[0.4786243198644486, -3.935120577564613], [0.27717212758010906, -0.18951344301422116]]",False,"[[0.4786243198644483, -3.935120577564614], [0.2771721275801091, -0.1895134430142214]]",9.650801630464006e-16,-15.01543661108858,4,4,17
177,-2.574876115068023,0.3216712113167426,0.35120168118530337,0.9999999999999999,"[[-0.31949856187687864, 0.9057723229985803], [-0.765808376326318, -0.9588524161219697]]",False,"[[-0.31949856187687825, 0.9057723229985815], [-0.7658083763263182, -0.9588524161219689]]",1.4141731344682325e-15,-14.8494974174548,4,4,17
178,2.7227139702736842,1.286036271359206,-0.022435437816863413,1.0000000000000002,"[[-0.21939123320107515, -1.4770345723245455], [0.18653509665554197, -3.3022341080687885]]",False,"[[-0.21939123320107512, -1.4770345723245433], [0.18653509665554174, -3.3022341080687885]]",2.231693266599465e-15,-14.65136549691076,4,4,17
179,-0.7474409226864909,-0.354087504287516,0.9487671711073062,1.0,"[[0.9966477255984086, -0.5713301065121876], [-0.14605741982988665, 1.087091229328577]]",False,"[[0.9966477255984086, -0.571330106512187], [-0.14605741982988651, 1.0870912293285768]]",7.15749512893306e-16,-15.145238938867413,4,4,17
180,2.8538952550933745,0.7906273727982516,-2.286021835978023,1.0,"[[0.7575044784745992, 0.08191768515572828], [1.511680150718367, 1.4835995965407294]]",False,"[[0.757504478474599, 0.08191768515572818], [1.5116801507183673, 1.4835995965407296]]",3.966717490021657e-16,-15.40156872891674,4,4,17
181,-2.1191354203662804,0.3483377999503674,2.706199073820984,1.0,"[[0.843536950290938, -0.9410264719849838], [0.2347053650469998, 0.9236537155902277]]",False,"[[0.8435369502909381, -0.9410264719849836], [0.2347053650469998, 0.9236537155902278]]",2.7194799110210365e-16,-15.565514144999181,4,4,17
182,1.5415764020309828,-1.5875790008493968,-2.5764637844169673,1.0,"[[-0.0112738687371258, 0.24910030323851484], [-4.132732843553973, 2.6135664003283696]]",False,"[[-0.011273868737126725, 0.2491003032385152], [-4.132732843553977, 2.6135664003283705]]",3.794170197876277e-15,-14.420883191544188,4,4,17
183,-1.5721065846379083,-0.8543411337868492,0.26091359134205483,1.0,"[[0.10680500916333259, 0.4119540520722852], [-2.2704370061240273, 0.6056296035087667]]",False,"[[0.10680500916333244, 0.41195405207228514], [-2.2704370061240273, 0.6056296035087665]]",2.7511642410880956e-16,-15.560483481995234,4,4,17
184,-0.30705780709880104,-0.46861928778373385,-0.8553685623919303,1.0000000000000002,"[[0.8562432181041536, 1.2737050964308716], [-0.7670949297451432, 0.026799953625488083]]",False,"[[0.8562432181041537, 1.2737050964308716], [-0.7670949297451428, 0.02679995362548822]]",3.775166431889533e-16,-15.423063897317459,4,4,17
185,-1.5550301484628424,-0.0003179006164217846,-2.327999837964485,0.9999999999999998,"[[-0.737271091316463, -0.6751266953795003], [0.6755706525865445, -0.7377262234067585]]",False,"[[-0.7372710913164631, -0.6751266953795001], [0.6755706525865444, -0.7377262234067586]]",2.9373740229761033e-16,-15.532040750183874,4,4,17
186,1.9164587293881379,-0.929676586798832,-1.5350457502826524,1.0,"[[0.3404150700631952, -0.8711887677752397], [0.21884543523184605, 2.3775219904244667]]",False,"[[0.3404150700631953, -0.871188767775238], [0.21884543523184616, 2.377521990424468]]",2.138440567318403e-15,-14.66990281538348,4,4,17
187,2.8135103690042653,-0.7075770589983084,-0.7068304929719211,0.9999999999999999,"[[-1.357522044610844, -1.368206615203587], [0.8001729848457069, 0.06983457215258146]]",False,"[[-1.357522044610844, -1.3682066152035874], [0.8001729848457068, 0.06983457215258156]]",4.679511028695506e-16,-15.32979952483908,4,4,17
188,1.8129924194557505,0.5734848741294511,2.978905021402456,0.9999999999999999,"[[-0.1456429718196433, 1.7217959784738979], [-0.6088160478789849, 0.3313378068676551]]",False,"[[-0.14564297181964378, 1.7217959784738974], [-0.6088160478789851, 0.3313378068676551]]",6.849500233248632e-16,-15.164341115202529,4,4,17
189,-1.2538119052023835,-0.6172725826069954,-0.7981268825214998,1.0,"[[0.03636681738598855, 0.7715507157573933], [-1.3500111826781178, -1.1439575213368935]]",False,"[[0.036366817385988626, 0.7715507157573932], [-1.350011182678118, -1.1439575213368938]]",3.417008968066607e-16,-15.466353881377787,4,4,17
190,-0.5060033563293138,0.26904629382853784,2.6747583474810055,1.0,"[[-0.31135971054788314, -0.8672435427276685], [0.8459172249123434, -0.8555498350891966]]",False,"[[-0.3113597105478833, -0.867243542727668], [0.8459172249123433, -0.8555498350891965]]",4.996003610813204e-16,-15.301377256415659,4,4,17
191,1.7041666475909683,-0.877034911539909,0.7507473381350622,1.0,"[[-0.5149935575052392, -0.08342557091531708], [1.704234008022961, -1.6656971575778565]]",False,"[[-0.5149935575052396, -0.0834255709153171], [1.704234008022961, -1.6656971575778563]]",4.0125770192081414e-16,-15.396576618463438,4,4,17
192,-1.1256136812081436,-0.8622697156304341,-2.01161756197975,1.0000000000000002,"[[-0.7798152361423594, 0.7598501708533251], [0.747678676624768, -2.0108914233761506]]",False,"[[-0.7798152361423596, 0.7598501708533263], [0.747678676624768, -2.010891423376151]]",1.318316798730503e-15,-14.879980213863313,4,4,17
193,-1.9967450436649823,0.896926774853708,-0.7038083523644247,1.0000000000000002,"[[-1.5734702560219795, 1.5933251995093034], [0.37250238061463253, -1.012740739020516]]",False,"[[-1.5734702560219802, 1.5933251995093052], [0.37250238061463253, -1.012740739020516]]",1.897149936107019e-15,-14.721898344466794,4,4,17
194,-1.8581795609721619,0.04117918607523974,2.998244341653284,0.9999999999999998,"[[0.41197727964359476, -0.950195364204659], [0.8686667848128949, 0.42380212856220184]]",False,"[[0.4119772796435947, -0.9501953642046593], [0.8686667848128949, 0.4238021285622018]]",3.4219371797089426e-16,-15.465727967546579,4,4,17
195,0.7238832093386187,0.46010965829568473,-2.1856584880174053,1.0000000000000004,"[[0.5842713708011392, 0.9915681296030787], [-1.210740994867855, -0.34321754194446363]]",False,"[[0.5842713708011389, 0.9915681296030779], [-1.2107409948678554, -0.3432175419444633]]",1.0114613123884174e-15,-14.995050724002967,4,4,17
196,-1.7645305200611245,0.6457862859676546,-0.4733600592570144,1.0,"[[-0.943148556855254, 1.6199685249028073], [-0.2904590231842209, -0.5613808353086469]]",False,"[[-0.9431485568552542, 1.6199685249028017], [-0.29045902318422095, -0.5613808353086485]]",5.7691551311195e-15,-14.238887782816281,4,4,17
197,-0.4954813367949211,-1.1003890640505234,0.23092398363088407,0.9999999999999996,"[[2.6099407431216095, -0.45112691481266237], [-1.32397403544792, 0.6119986923508728]]",False,"[[2.609940743121609, -0.45112691481266237], [-1.3239740354479195, 0.611998692350873]]",6.661338147750939e-16,-15.176438519807359,4,4,17
198,-2.083512965722316,-0.027770588748886826,-2.7908203845692796,1.0000000000000002,"[[0.1824111501489735, -0.9692488704415285], [1.005343581148719, 0.1401880835961993]]",False,"[[0.1824111501489733, -0.9692488704415284], [1.005343581148719, 0.14018808359619933]]",2.254873622441467e-16,-15.64687779374803,4,4,17
199,3.1079584500765147,1.5533147135044967,-0.655952160795636,0.9999999999999998,"[[-0.07059460941979245, -0.2549244572694775], [2.8871397664622185, -3.7396263559392477]]",False,"[[-0.07059460941979241, -0.2549244572694776], [2.887139766462218, -3.739626355939246]]",1.8348618846614387e-15,-14.736396620778041,4,4,17
200,-1.427116804797033,1.0963064172186305,1.3461290616738797,1.0000000000000002,"[[2.898460301312866, 0.6132993052869823], [0.3441319079540872, 0.4178273062862977]]",False,"[[2.8984603013128636, 0.6132993052869807], [0.34413190795408716, 0.4178273062862979]]",2.7160784338786808e-15,-14.566057692819788,4,4,17
201,1.7984315725647342,-1.518966657695449,0.2668999694513956,1.0,"[[-1.050525872662078, 0.06611931833813599], [4.27909393441164, -1.2212272038547207]]",False,"[[-1.0505258726620783, 0.06611931833813599], [4.27909393441164, -1.2212272038547205]]",3.1401849173675503e-16,-15.503044776695031,4,4,17
202,2.318895306759731,1.0514676855396856,2.1218829585482304,1.0000000000000002,"[[-1.6626771153750681, 1.3008824680166673], [-1.7926651846979762, 0.801145753122953]]",False,"[[-1.6626771153750672, 1.3008824680166675], [-1.7926651846979753, 0.801145753122953]]",1.2755491433176288e-15,-14.894302804588078,4,4,17
203,-0.32557327825036975,-0.029745910856118885,-2.5274893444777886,1.0,"[[-0.9766414725018456, 0.3086886396316015], [-0.2606498038244346, -0.9415331956788817]]",False,"[[-0.9766414725018439, 0.30868863963161497], [-0.26064980382443476, -0.94153319567888]]",1.3708220008075295e-14,-13.863018934040367,4,4,17
204,0.6532233707171553,-0.6647655870633873,3.0465897034587694,1.0,"[[-1.5665080001645868, 0.1647665484193681], [-1.1374081470337507, -0.5187290364197336]]",False,"[[-1.5665080001645884, 0.16476654841936544], [-1.1374081470337511, -0.5187290364197346]]",3.2728049099669922e-15,-14.48507988196667,4,4,17
205,-2.408860400322933,0.20596827561954,1.2948870573558056,0.9999999999999999,"[[0.6259948985907264, 0.8060010543644072], [-1.0271233550403076, 0.27498226145728966]]",False,"[[0.6259948985907265, 0.8060010543644072], [-1.0271233550403076, 0.27498226145728966]]",1.1102230246251565e-16,-15.954589770191003,4,4,17
206,0.6266381045375207,-0.8740324266036315,-1.8372169260675482,0.9999999999999998,"[[-0.27502204856714335, 1.937154447352114], [-0.6960759227272395, 1.2668314094123965]]",False,"[[-0.2750220485671442, 1.9371544473521158], [-0.6960759227272397, 1.2668314094123967]]",1.9868029630580076e-15,-14.70184520098264,4,4,17
207,0.7427162780702021,0.18743114535077376,2.556066016713693,0.9999999999999998,"[[-0.9597889855504664, 0.34231269711591755], [0.023710914314431935, -1.05035227764348]]",False,"[[-0.9597889855504614, 0.34231269711551776], [0.023710914314431814, -1.050352277643475]]",3.998523856686455e-13,-12.398100308475936,4,4,17
208,2.1983733302292503,-0.41003831902770105,-1.0902446216244401,1.0,"[[0.06731060757295398, -1.0329189272276404], [0.9093859229164936, 0.9014636808828749]]",False,"[[0.06731060757295403, -1.0329189272276402], [0.9093859229164937, 0.9014636808828749]]",2.5172027167143304e-16,-15.59908180820796,4,4,17
209,-1.2949270107790303,-1.224378726955547,0.3779107906088153,1.0000000000000002,"[[0.9656321307517661, -0.07905042084862685], [-3.0128936297213547, 1.2822383079130526]]",False,"[[0.9656321307517663, -0.07905042084862694], [-3.012893629721353, 1.2822383079130524]]",1.8065127430395203e-15,-14.743158970596248,4,4,17
210,-0.3611821488140423,-0.3989736774303101,-0.4339263264094,1.0,"[[1.1652396439311559, 0.8012926426635424], [-0.7417469034493884, 0.3481203764909892]]",False,"[[1.1652396439311559, 0.8012926426635423], [-0.7417469034493885, 0.34812037649098915]]",1.6653345369377348e-16,-15.778498511135322,4,4,17
211,1.837749808000896,0.25406900231364804,-2.8529436500049714,0.9999999999999999,"[[0.5501421441565166, 1.1339021705025654], [-0.6204005618961411, 0.5389997102286931]]",False,"[[0.5501421441565165, 1.1339021705025654], [-0.6204005618961415, 0.5389997102286928]]",4.839349969133127e-16,-15.315212969714588,4,4,17
212,0.9381037654436755,0.13396738703421862,-0.6648470187403315,1.0,"[[0.9758705244836263, -0.40659311599353565], [0.13799508603616573, 0.967230922848307]]",False,"[[0.9758705244836263, -0.406593115993536], [0.13799508603616573, 0.967230922848307]]",3.3306690738754696e-16,-15.47746851547134,4,4,17
213,-0.919957021898747,-0.336865145821998,-0.09149274357383153,1.0,"[[0.793080888254097, 0.643195184853479], [-1.1491061759401324, 0.3289707829478317]]",False,"[[0.7930808882540971, 0.643195184853479], [-1.149106175940132, 0.328970782947832]]",5.3533015581491455e-16,-15.271378291578017,4,4,17
214,2.9866839403282945,-1.4906246999303325,-2.6381067904355984,1.0,"[[3.8591067972790927, -2.086065804681151], [-0.4926501198866548, 0.5254326131107004]]",False,"[[3.8591067972790905, -2.0860658046811524], [-0.49265011988665447, 0.5254326131107008]]",2.631954563432281e-15,-14.579721612406473,4,4,17
215,-2.9270244236947707,-0.2658913616833676,-3.1197474541355112,0.9999999999999999,"[[1.2708076822772632, -0.1910166406307808], [0.29407455892153067, 0.7426984262233218]]",False,"[[1.2708076822772632, -0.19101664063078141], [0.2940745589215307, 0.7426984262233217]]",6.231111271582837e-16,-15.205434493296202,4,4,17
216,2.54007590767379,0.4914053011067936,2.780644919885,1.0,"[[0.14520658461855696, 1.043540823253058], [-0.79984243421747, 1.1385969042539028]]",False,"[[0.145206584618557, 1.0435408232530579], [-0.7998424342174703, 1.1385969042539028]]",3.188872858294072e-16,-15.49636279591604,4,4,17
217,3.0761818442429716,-1.267143053760445,2.4273762011829465,0.9999999999999999,"[[2.6651324009904367, 2.3347313624951935], [-0.3594510594699548, 0.06032658569368706]]",False,"[[2.6651324009904376, 2.334731362495198], [-0.35945105946995487, 0.06032658569368647]]",4.567421167339648e-15,-14.340328939735652,4,4,17
218,-0.9029896462107931,0.2232598107963839,2.355775239194262,1.0000000000000002,"[[0.34425908385037374, -1.0442143130095145], [0.9915795157466101, -0.10289204988719652]]",False,"[[0.34425908385037374, -1.0442143130095143], [0.9915795157466101, -0.1028920498871968]]",3.554447978966673e-16,-15.449227837495117,4,4,17
219,2.390718528300079,0.2257323372970519,-2.390142658370568,0.9999999999999999,"[[1.0100099302067709, 0.22653019495067447], [0.22771140305929477, 1.0411615540376238]]",False,"[[1.0100099302067709, 0.22653019495067372], [0.22771140305929488, 1.0411615540376238]]",7.575797802392804e-16,-15.12057162514482,4,4,17
220,-1.0321715182975701,-0.8459748907612532,0.5271912449017382,1.0,"[[1.2183537966861744, -0.28301047832790344], [-1.617974914927527, 1.1966178121343496]]",False,"[[1.2183537966861746, -0.2830104783279033], [-1.6179749149275278, 1.1966178121343496]]",7.108895957933346e-16,-15.148197841831136,4,4,17
221,-1.1602386069374104,-1.448511716670096,-3.0766898116240706,1.0,"[[-1.7093600920351992, -0.10475354587551088], [3.8887308636248057, -0.34670380795783795]]",False,"[[-1.7093600920351992, -0.10475354587551104], [3.8887308636248057, -0.3467038079578377]]",3.236828524569469e-16,-15.489880307333857,4,4,17
222,-0.5225930875388518,0.6228889452952555,-2.676827799633634,1.0,"[[-0.832571233334831, -0.6234960638374742], [-0.48474525960302917, -1.5641145276066117]]",False,"[[-0.8325712333348295, -0.6234960638374679], [-0.48474525960302917, -1.5641145276066108]]",6.551256644696548e-15,-14.183675386800347,4,4,17
223,-0.4176341865594577,0.5481093554162406,1.8747372012867611,0.9999999999999999,"[[0.5113873089467865, -0.714142078245242], [1.5789778468869324, -0.24954573343217384]]",False,"[[0.5113873089467865, -0.714142078245242], [1.5789778468869327, -0.24954573343217396]]",2.482534153247273e-16,-15.605104768022994,4,4,17
224,-2.5976687057310577,-0.4028785713438663,1.782951328498652,0.9999999999999998,"[[0.6077071837199006, 1.178674820083402], [-0.3960810377414826, 0.8773127393987585]]",False,"[[0.6077071837199005, 1.1786748200834027], [-0.39608103774148257, 0.8773127393987586]]",6.866350197783356e-16,-15.163274050446185,4,4,17
225,3.009032276227873,-0.5018365217019078,-2.464629963492052,1.0,"[[1.3263368161903055, -0.9632530240524217], [0.20575075728967346, 0.6045296722914768]]",False,"[[1.3263368161903055, -0.9632530240524222], [0.20575075728967354, 0.6045296722914767]]",4.652682298944613e-16,-15.332296601566426,4,4,17
226,-2.2575819773511583,-1.5696750251488365,0.15450191153397652,1.0,"[[-2.985631717990634, 0.6278628449842473], [-3.691761835625828, 0.44142084945670235]]",False,"[[-2.985631717990634, 0.6278628449842467], [-3.691761835625829, 0.4414208494567019]]",1.137640067256873e-15,-14.943995120656034,4,4,17
227,0.8571324776073195,1.3532715404381235,-0.8658565401000464,0.9999999999999997,"[[2.337926487284789, -1.7669543463867199], [-1.8029708277695273, 1.7903758579668074]]",False,"[[2.33792648728479, -1.7669543463867199], [-1.8029708277695282, 1.7903758579668079]]",1.3322676295501878e-15,-14.875408524143378,4,4,17
228,1.4612129951947654,1.065674212761503,2.546942503169774,1.0,"[[-1.6476550319189112, 2.368985367762228], [-0.10580122234097748, -0.45480300054686795]]",False,"[[-1.6476550319189047, 2.36898536776226], [-0.10580122234097751, -0.4548030005468676]]",3.261809219488297e-14,-13.486541444076398,4,4,17
229,2.709274205099331,0.12250870327833385,0.41802483185087125,1.0000000000000002,"[[-0.9263862623075438, -0.10669712765781444], [-0.07789608261018194, -1.0884350613735256]]",False,"[[-0.926386262307555, -0.10669712765790634], [-0.07789608261018206, -1.08843506137352]]",9.274664721815609e-14,-13.032701781130408,4,4,17
230,-0.30378551342412763,-1.381945234792432,3.1355665281948433,0.9999999999999998,"[[-3.799758294837866, -0.09800904259409653], [1.1927676577613378, -0.23240898902052123]]",False,"[[-3.799758294837867, -0.09800904259409736], [1.192767657761338, -0.232408989020521]]",1.602148379482783e-15,-14.795297265151591,4,4,17
231,2.1172686175119644,1.1443230939145925,0.11563694907374789,0.9999999999999999,"[[-0.47393968079447424, -2.645957373045027], [0.0819527120991531, -1.6524394325188996]]",False,"[[-0.4739396807944743, -2.6459573730450296], [0.08195271209915299, -1.6524394325188996]]",2.667424898013851e-15,-14.573907799396396,4,4,17
232,-2.7388369787605598,-0.9033823523070599,1.6992647288490046,0.9999999999999998,"[[0.4483912258839627, 2.23140560480765], [-0.2457743026149834, 1.0071067798817643]]",False,"[[0.4483912258839627, 2.2314056048076507], [-0.2457743026149834, 1.0071067798817643]]",8.881784197001252e-16,-15.05149978319906,4,4,17
233,-1.0797951128033758,-0.19716337663509798,1.6279650694098837,0.9999999999999998,"[[0.6900625050859853, -0.6147039126168874], [0.44787213804295284, 1.0501820328617997]]",False,"[[0.6900625050859853, -0.6147039126168877], [0.4478721380429528, 1.0501820328617997]]",3.3766115072321297e-16,-15.471518903821487,4,4,17
234,-0.6599764918410611,-1.0833275747129605,-1.226324662552135,1.0,"[[0.5928910379822369, 2.2670302886404308], [-0.8633905187991545, -1.6146853227883342]]",False,"[[0.5928910379822371, 2.267030288640432], [-0.8633905187991544, -1.6146853227883342]]",1.355199909595506e-15,-14.867996635984866,4,4,17
235,1.0355943978731599,-1.4142679687658468,2.290996441630914,1.0,"[[-1.5408420798857854, -1.4390458730856528], [-2.240415466959304, -2.7413975039143272]]",False,"[[-1.540842079885786, -1.4390458730856535], [-2.2404154669593037, -2.7413975039143277]]",1.1322097734007351e-15,-14.946073100541613,4,4,17
236,-2.400875940165387,1.445060618883494,1.2108508394377218,0.9999999999999996,"[[2.6179226150367993, 1.1711089822377163], [-2.986021482640108, -0.9537931202139506]]",False,"[[2.617922615036799, 1.1711089822377168], [-2.986021482640107, -0.9537931202139505]]",1.0934428697813141e-15,-14.96120390305788,4,4,17
237,-2.0722897826098428,-0.016955870751265367,-0.10617127356619616,0.9999999999999999,"[[-0.5775639892620231, 0.805452744767111], [-0.836750459358679, -0.5645037638877064]]",False,"[[-0.5775639892620241, 0.8054527447671103], [-0.8367504593586794, -0.5645037638877063]]",1.3460738804684947e-15,-14.870931102816915,4,4,17
238,2.472501674217658,0.6761885369516536,-2.238351004484127,1.0000000000000004,"[[1.2048118613633918, 0.4417959806080848], [1.0160193596403488, 1.2025722154407823]]",False,"[[1.204811861363392, 0.44179598060808545], [1.0160193596403488, 1.2025722154407825]]",7.364386412590295e-16,-15.132863431947909,4,4,17
239,-3.031547943896556,-1.1736964544516686,-0.08297439029686826,1.0,"[[-3.206119075425348, -0.2325611449010472], [-0.32846353648112686, -0.33572921990100946]]",False,"[[-3.2061190754253555, -0.23256114490105415], [-0.3284635364811269, -0.33572921990100935]]",1.0254699237493712e-14,-13.9890770726347,4,4,17
240,-2.7742695073310575,0.45581657159380384,0.3921087669462455,1.0,"[[-0.3302600176099546, 0.7495901506067639], [-0.7729737542379355, -1.2735010740610857]]",False,"[[-0.3302600176099543, 0.749590150606763], [-0.7729737542379358, -1.273501074061088]]",2.43047574055462e-15,-14.614308709415953,4,4,17
241,1.4248123596645792,-0.6139419325958958,-2.22970434553128,1.0,"[[0.25880458134302586, 0.5403473323126572], [-1.1814760843365222, 1.3971644078367098]]",False,"[[0.258804581343026, 0.5403473323126572], [-1.1814760843365217, 1.3971644078367098]]",4.577566798522237e-16,-15.339365309501867,4,4,17
242,1.5517687872671306,-1.2512024345523944,-1.0472669834853847,0.9999999999999998,"[[0.2810276023752825, -0.08545408083877688], [1.7420294616891367, 3.0286579195899876]]",False,"[[0.2810276023752823, -0.08545408083877733], [1.742029461689137, 3.0286579195899885]]",1.041481514324134e-15,-14.982348434115918,4,4,17
243,0.014391965432632325,-0.7068048686713898,-0.643992695172626,1.0,"[[1.6254977464160976, 1.211496391132552], [-0.2727594258303451, 0.4119064092431886]]",False,"[[1.6254977464160982, 1.2114963911325514], [-0.2727594258303453, 0.41190640924318855]]",9.582710459383785e-16,-15.018511633816857,4,4,17
244,0.9912537157210091,-1.4175122158975153,2.496310164001539,0.9999999999999999,"[[-1.9275425572408158, -1.197253427814219], [-2.67888052962629, -2.1827268513450573]]",False,"[[-1.9275425572408187, -1.1972534278142224], [-2.6788805296262908, -2.182726851345059]]",4.834253232627814e-15,-14.315670603689979,4,4,17
245,-2.847337311800789,-1.2746690845765973,0.05965004046786371,1.0000000000000002,"[[-3.412827672271227, 0.2850309697295618], [-1.0516797220765752, -0.20517845499816606]]",False,"[[-3.4128276722712263, 0.2850309697295622], [-1.0516797220765752, -0.20517845499816598]]",9.730298868281309e-16,-15.011873820075738,4,4,17
246,-2.8406460063101875,0.37468697249805705,1.1577597138913216,0.9999999999999998,"[[0.13134567302314323, 0.7744533696504845], [-1.3541447299139064, -0.37094445484843236]]",False,"[[0.13134567302314304, 0.7744533696504846], [-1.3541447299139067, -0.3709444548484329]]",6.38378239159465e-16,-15.194921925501372,4,4,17
247,-1.7543281117629825,-0.793546967662067,0.50722797778216,0.9999999999999997,"[[-0.13675789121943774, 0.5846893018995166], [-1.9404505686184927, 0.9839336299808441]]",False,"[[-0.13675789121943702, 0.5846893018995165], [-1.9404505686184919, 0.9839336299808442]]",1.1551122306821434e-15,-14.937375817678301,4,4,17
248,-1.3113523109148006,-0.038220422082848815,-1.215041795881579,1.0,"[[-0.7792028769318577, 0.5738660237456149], [-0.5812184944805638, -0.8553079992071293]]",False,"[[-0.7792028769318584, 0.5738660237456138], [-0.5812184944805643, -0.8553079992071294]]",1.3732700395566711e-15,-14.862244054782204,4,4,17
249,-1.4931796087210472,-0.9894105193751348,2.444527815133247,1.0,"[[0.0780600087451112, -0.4180928785131436], [2.0745319929675756, 1.6993714146987686]]",False,"[[0.07806000874511132, -0.4180928785131434], [2.0745319929675756, 1.6993714146987684]]",3.0436364816617974e-16,-15.51660721899603,4,4,17
250,2.3842360811786705,-0.34917309501517835,-2.779976289831824,1.0,"[[1.1351027498763786, 0.08867415346297995], [-0.7297877152896105, 0.8239665459720465]]",False,"[[1.1351027498763788, 0.08867415346297995], [-0.7297877152896106, 0.8239665459720464]]",2.7194799110210365e-16,-15.565514144999181,4,4,17
251,2.0597333466871826,0.6564421931662086,-3.1414101526515648,0.9999999999999998,"[[0.24393457015387368, 1.701987023093365], [-0.4577542492996176, 0.9056043503258151]]",False,"[[0.24393457015387388, 1.701987023093365], [-0.45775424929961755, 0.9056043503258151]]",2.0206364052201326e-16,-15.694511826718571,4,4,17
252,3.1218208830310425,-0.2235008185358578,-2.7912764705363884,0.9999999999999998,"[[1.1796964451747334, -0.4142124595569888], [0.25118369830287707, 0.7594806157041847]]",False,"[[1.1796964451747334, -0.4142124595569894], [0.251183698302877, 0.7594806157041848]]",5.688200336284365e-16,-15.245025116320015,4,4,17
253,-0.2428959524027623,1.138223262654896,2.224358549143189,1.0000000000000004,"[[0.40691331957560234, -0.7033349173171872], [2.452118527048448, -1.7808721086578356]]",False,"[[0.4069133195756026, -0.7033349173171871], [2.452118527048448, -1.7808721086578356]]",2.9893669801409083e-16,-15.524420766905507,4,4,17
254,-1.287800982727241,0.5452061129959689,2.701581037054364,1.0,"[[0.5590642244931595, -1.5675295402431924], [0.7088049534241954, -0.19867610535054964]]",False,"[[0.5590642244931594, -1.5675295402431924], [0.7088049534241954, -0.1986761053505496]]",1.1443916996305594e-16,-15.94142530082983,4,4,17
255,-0.31958311179252874,0.18368896014263747,1.8833695534466823,0.9999999999999998,"[[0.11627902659099262, -0.8678665121333915], [1.1659201339142895, -0.10202218228072403]]",False,"[[0.11627902659099268, -0.8678665121333917], [1.1659201339142895, -0.10202218228072413]]",2.486410087150353e-16,-15.604427240980511,4,4,17
256,-2.4434499321454037,1.1890374946356705,-1.3200014230989447,0.9999999999999998,"[[-2.1027432459637474, 0.29789664898554347], [2.388327283940341, -0.8139247137527502]]",False,"[[-2.1027432459637474, 0.29789664898554397], [2.388327283940341, -0.8139247137527507]]",6.684427777288335e-16,-15.174935764737498,4,4,17
257,2.787672517702614,1.2875470814266294,-2.3485259733969497,0.9999999999999999,"[[1.0765020433442287, 0.6968314786859013], [2.3549124989775443, 2.4532950728398557]]",False,"[[1.0765020433442285, 0.6968314786859015], [2.3549124989775443, 2.453295072839856]]",5.087681048627601e-16,-15.293480122824043,4,4,17
258,-2.349203663356934,0.8717878750833252,-2.034347691376688,1.0,"[[-1.3916305304783998, -1.0239313461037907], [1.6349225439599986, 0.48435876222166396]]",False,"[[-1.3916305304784002, -1.0239313461037907], [1.6349225439599986, 0.4843587622216637]]",5.23691153334427e-16,-15.280924762532528,4,4,17
259,3.0275004652472166,-0.5037444263980984,-2.3561931789305595,1.0,"[[1.2112295790261605, -1.113945614749009], [0.29128111982097826, 0.5577214143493522]]",False,"[[1.2112295790261605, -1.113945614749009], [0.29128111982097826, 0.5577214143493522]]",0.0,-300.0,4,4,17
260,-0.42166429509624015,1.2860114335929662,1.4041444408376478,0.9999999999999998,"[[1.50221900341025, -0.0030146577094979127], [3.236891281425338, 0.6591860963652136]]",False,"[[1.5022190034102503, -0.0030146577094979365], [3.236891281425338, 0.6591860963652137]]",2.4939666695084264e-16,-15.603109354925358,4,4,17
261,-2.325602396097061,1.5418145016132652,-2.082220251570644,1.0,"[[-2.89659060623086, -1.7937812415738255], [2.868356618597169, 1.4310632257340665]]",False,"[[-2.8965906062308595, -1.7937812415738255], [2.868356618597169, 1.4310632257340667]]",4.965068306494546e-16,-15.304074772359012,4,4,17
262,2.5159288941093205,1.4305160651973305,0.11244291735513423,1.0000000000000002,"[[-0.4673852304560936, -2.411241145686271], [-0.24106396387423912, -3.3832120601943987]]",False,"[[-0.46738523045609565, -2.4112411456862923], [-0.24106396387423942, -3.3832120601943974]]",2.145857848049456e-14,-13.668399051173658,4,4,17
263,0.5077176738936742,-0.4554657787916281,1.5714642066509903,0.9999999999999998,"[[-0.3092351312428254, -1.3777846840911343], [0.5536460851126492, -0.7670373756418991]]",False,"[[-0.30923513124282576, -1.377784684091135], [0.5536460851126491, -0.7670373756418991]]",7.529898907871222e-16,-15.123210854350216,4,4,17
264,-2.2121896674503407,-0.20226927894150348,0.385342586803759,1.0,"[[-0.4327075108905684, 0.8818419181485789], [-1.0926676427001194, -0.0842136296350452]]",False,"[[-0.4327075108905684, 0.8818419181485787], [-1.0926676427001196, -0.08421362963504539]]",3.692639165456277e-16,-15.432663128338062,4,4,17
265,2.5581814022049647,1.4057612659492458,1.3665851297450118,1.0,"[[-2.2416228884752423, -0.2552690075051993], [-3.305856881421078, -0.8225660143614995]]",False,"[[-2.2416228884752423, -0.25526900750519854], [-3.305856881421076, -0.8225660143614983]]",2.234280737922546e-15,-14.650862258583668,4,4,17
266,-1.616160225903207,-0.6778307461744565,0.7726929898976649,1.0,"[[0.29010074128672203, 0.4255183852609427], [-1.424921229516369, 1.3570107320169607]]",False,"[[0.29010074128672236, 0.4255183852609424], [-1.4249212295163687, 1.3570107320169607]]",5.20740757162067e-16,-15.2833784297799,4,4,17
267,-2.0795778803948917,-1.031097090598053,-2.984194517941856,1.0000000000000002,"[[1.3002307657431122, -0.5217051130665147], [2.445920660907466, -0.21230793965460823]]",False,"[[1.3002307657431122, -0.5217051130665147], [2.4459206609074657, -0.2123079396546083]]",4.518280359883027e-16,-15.345026824550562,4,4,17
268,-2.357243476618428,0.3910844903131274,1.7446741224703581,1.0000000000000002,"[[1.1114929854534707, 0.29082770545054054], [-0.9481821564923302, 0.6515941787817146]]",False,"[[1.1114929854534707, 0.2908277054505404], [-0.9481821564923298, 0.6515941787817147]]",3.885780586188048e-16,-15.410521725840727,4,4,17
269,-2.842244212831297,-1.4138966565469357,2.193257602333178,1.0000000000000002,"[[2.3490661026377313, 3.1503544033860824], [0.5181971894081465, 1.1206601612948421]]",False,"[[2.349066102637732, 3.150354403386084], [0.5181971894081465, 1.1206601612948421]]",1.9860273225978185e-15,-14.70201478103105,4,4,17
270,2.488674595284042,0.153874318246644,-0.14096863050814035,1.0,"[[-0.5747190340844586, -0.7972195554670787], [0.6458647370215868, -0.8440715770490732]]",False,"[[-0.5747190340844588, -0.7972195554670787], [0.6458647370215866, -0.844071577049073]]",3.3306690738754696e-16,-15.47746851547134,4,4,17
271,-1.6588649409831568,-1.555251883152511,1.0431738214504218,0.9999999999999999,"[[-0.028023161558818253, 0.4658176017315089], [-2.391428043048743, 4.0669670867517675]]",False,"[[-0.028023161558818347, 0.46581760173150893], [-2.391428043048743, 4.0669670867517675]]",1.0888758524337804e-16,-15.963021633262104,4,4,17
272,-0.9511417813420691,-0.5607200506470975,2.4161736431493948,0.9999999999999999,"[[-0.4529842849618891, -1.0227006963608833], [1.2870516700549095, 0.6981889873822058]]",False,"[[-0.45298428496188925, -1.0227006963608836], [1.2870516700549095, 0.6981889873822058]]",2.7755575615628914e-16,-15.556649761518965,4,4,17
273,1.1956626477375893,-1.3238876496237695,-0.9001006360519992,0.9999999999999999,"[[1.0497615142556265, 0.9247777875873185], [2.0969081958238007, 2.799849377400527]]",False,"[[1.0497615142556265, 0.9247777875873184], [2.0969081958238007, 2.7998493774005264]]",4.577566798522237e-16,-15.339365309501867,4,4,17
274,2.911009680014768,-1.2084097901039552,0.22022598233445034,1.0,"[[-3.1957288945663054, 0.645435975538124], [0.6832054659312405, -0.4509035133882542]]",False,"[[-3.195728894566305, 0.6454359755381236], [0.6832054659312404, -0.45090351338825413]]",6.4018582627671775e-16,-15.193693945371441,4,4,17
275,-2.4746862396796865,0.08352114394573174,0.2282516006103279,0.9999999999999999,"[[-0.5518764819162563, 0.8185456493868797], [-0.7475165980569293, -0.7032797256885371]]",False,"[[-0.5518764819162559, 0.8185456493868803], [-0.7475165980569294, -0.7032797256885369]]",7.850462293418876e-16,-15.105104768022994,4,4,17
276,-0.27173127286073173,0.14894602999824036,-3.0822564449054726,1.0,"[[-0.8470130493749806, -0.2617389093505215], [0.1645498557995363, -1.1297711421510834]]",False,"[[-0.8470130493749796, -0.2617389093505349], [0.16454985579953615, -1.1297711421510823]]",1.3462026441325619e-14,-13.870889560762594,4,4,17
277,1.638119323827251,0.44101549550565533,0.4855982436757702,1.0000000000000002,"[[-0.7620778591482814, -1.3512879161927935], [0.5189139415465848, -0.39208311546811125]]",False,"[[-0.7620778591482813, -1.3512879161927938], [0.5189139415465848, -0.3920831154681111]]",2.9893669801409083e-16,-15.524420766905507,4,4,17
278,-1.2016739115845325,-1.304555388026573,3.016633590258011,1.0,"[[-1.2880115044468456, -0.41680006040485795], [3.4231678244050596, 0.3313452981705161]]",False,"[[-1.2880115044468448, -0.41680006040485784], [3.423167824405059, 0.33134529817051567]]",1.0934428697813141e-15,-14.96120390305788,4,4,17
279,2.55063266585418,0.4872535804289493,1.3553890327953324,1.0,"[[-0.9950414307372001, 0.30447908962712983], [-1.2473694012592238, -0.6232927405006262]]",False,"[[-0.9950414307372005, 0.3044790896271297], [-1.2473694012592234, -0.6232927405006261]]",6.473657049138938e-16,-15.188850311669876,4,4,17
280,2.5761992843319437,-1.2778237179913177,0.7527883113326963,1.0000000000000009,"[[-2.313545028064527, 1.9628145454014403], [1.2423056996865036, -1.4862108389808624]]",False,"[[-2.3135450280645258, 1.9628145454014405], [1.2423056996865034, -1.4862108389808624]]",1.368774871883577e-15,-14.863667976218617,4,4,17
281,-1.3042523748379637,0.8499452286047169,0.03250616153411956,1.0,"[[0.18587770155042452, 2.252051832582437], [-0.39209872511136573, 0.6293027435998247]]",False,"[[0.18587770155042474, 2.2520518325824366], [-0.3920987251113657, 0.6293027435998247]]",4.996003610813204e-16,-15.301377256415659,4,4,17
282,-0.556052482241757,0.9563691057811767,0.39627508078612417,0.9999999999999999,"[[0.8312689444096272, 1.141129583706296], [0.6659794407501417, 2.117207498025928]]",False,"[[0.8312689444096272, 1.1411295837062958], [0.6659794407501416, 2.1172074980259277]]",5.087681048627601e-16,-15.293480122824043,4,4,17
283,1.0196720109229256,-0.5360563169129311,1.7692160163809074,1.0000000000000002,"[[-0.665077698972203, -0.7792311276802305], [0.013306746579348232, -1.4879930125255656]]",False,"[[-0.665077698972194, -0.7792311276818125], [0.013306746579348072, -1.4879930125255534]]",1.5820294935568683e-12,-11.800785424270957,4,4,17
284,1.8563486941997551,-0.40925762098048724,-0.8373364998334587,0.9999999999999999,"[[0.18945311764173747, -0.7416780534726924], [1.1061396279543685, 0.9479945017818424]]",False,"[[0.1894531176417375, -0.7416780534726923], [1.1061396279543687, 0.9479945017818423]]",2.7336071744532853e-16,-15.563263894385843,4,4,17
285,-2.721303584182466,0.20818605911063015,2.852959155807814,0.9999999999999998,"[[0.8537363172123641, -0.2706443640239668], [-0.0023829811040193853, 1.1720772798710297]]",False,"[[0.8537363172123715, -0.2706443640248963], [-0.0023829811040192135, 1.1720772798710224]]",9.295373776427623e-13,-12.031733142118416,4,4,17
286,2.010536730041224,0.6186186190712832,0.8715241189967262,1.0,"[[-1.4331378034899225, -0.9056878793484482], [-0.2910508379052591, -0.881702522317065]]",False,"[[-1.433137803489922, -0.9056878793484393], [-0.2910508379052591, -0.8817025223170635]]",9.027690306531665e-15,-14.044423347741299,4,4,17
287,-0.9692874002086485,-0.8253660563027172,-0.4538933477147915,1.0000000000000002,"[[1.0025970572972973, 0.8910091462935903], [-1.8001919568655635, -0.6024229716767208]]",False,"[[1.0025970572972973, 0.8910091462935901], [-1.8001919568655635, -0.6024229716767208]]",2.220446049250313e-16,-15.653559774527022,4,4,17
288,-1.8010893571643187,0.6969363854032982,-0.546624018810792,0.9999999999999998,"[[-1.1131405620180297, 1.610674823344055], [-0.17608681414511226, -0.6435677812646273]]",False,"[[-1.1131405620180326, 1.6106748233440145], [-0.1760868141451124, -0.6435677812646319]]",4.0990324538343076e-14,-13.387318643170358,4,4,17
289,0.9517722692485133,-0.4977197889264493,-1.6101031345786476,0.9999999999999999,"[[0.4572234359754039, 0.9731951800203168], [-0.405111777700272, 1.3248384114002831]]",False,"[[0.45722343597540416, 0.9731951800203168], [-0.40511177770027196, 1.3248384114002834]]",3.597533769998862e-16,-15.443995120656034,4,4,17
290,1.906638509802165,1.2648690491458146,0.5151422753306556,1.0,"[[-1.728757134259308, -2.864813880669635], [-0.3432711496159729, -1.147302831003535]]",False,"[[-1.72875713425931, -2.864813880669642], [-0.3432711496159731, -1.1473028310035354]]",7.397785161770224e-15,-14.130898285133693,4,4,17
291,-2.96469139755913,1.0990115822884792,0.7686186818149694,1.0,"[[0.1313503432324806, 0.6076797600077269], [-2.0958550300144996, -2.083045045157826]]",False,"[[0.13135034323248024, 0.6076797600077264], [-2.0958550300145005, -2.0830450451578266]]",1.1934897514720433e-15,-14.92318130593938,4,4,17
292,0.28331193515257347,1.505182251403527,0.16422371119722712,0.9999999999999998,"[[0.0043803804229564, -1.2772076855602694], [0.7683578341300684, 4.257043267499628]]",False,"[[0.004380380422956289, -1.2772076855602703], [0.7683578341300685, 4.2570432674996255]]",2.813051893495439e-15,-14.550822256156577,4,4,17
293,-2.7007362851686114,-0.5630511243865239,-2.8173097806571623,1.0,"[[1.4279220582332166, -0.7363572899796645], [0.874364885009292, 0.24942190700650096]]",False,"[[1.427922058233217, -0.7363572899796647], [0.8743648850092921, 0.24942190700650074]]",5.20740757162067e-16,-15.2833784297799,4,4,17
294,-2.533800120780482,0.10993828389190341,-1.0917593519862447,1.0,"[[-0.9046552710454621, -0.35886076234508524], [0.5773568099704967, -0.8763661920774015]]",False,"[[-0.9046552710454614, -0.35886076234508496], [0.5773568099704964, -0.8763661920774015]]",7.550332863779066e-16,-15.122033901653477,4,4,17
295,-0.821216552066204,-0.7461146259740211,-1.8256945034433754,1.0,"[[-0.6981721022659207, 1.3028390606864388], [0.0765579423432192, -1.5751741928978635]]",False,"[[-0.6981721022659211, 1.3028390606864686], [0.07655794234321912, -1.5751741928978649]]",2.978576765560398e-14,-13.525991202538558,4,4,17
296,1.3993463114785225,0.29070850549622707,1.5782465412484825,1.0000000000000002,"[[-1.3186805123640117, -0.11775069665623114], [0.22267583172305908, -0.7384501071759979]]",False,"[[-1.3186805123640113, -0.11775069665623938], [0.22267583172305896, -0.7384501071759968]]",8.330418844700345e-15,-14.079333162174349,4,4,17
297,-0.5805290554091398,-1.1131036017218259,2.560942728455415,1.0000000000000002,"[[-2.0291553040926043, -1.5468373746086643], [1.5465091827572364, 0.686097412680276]]",False,"[[-2.029155304092604, -1.5468373746086643], [1.5465091827572364, 0.686097412680276]]",4.440892098500626e-16,-15.35252977886304,4,4,17
298,0.023911140293077615,0.6624637683222221,-3.1164572907718626,1.0,"[[-0.5141038303629571, 0.059312354885863214], [-0.06105562968670986, -1.9380883548772612]]",False,"[[-0.514103830362958, 0.05931235488586675], [-0.061055629686709925, -1.9380883548772565]]",5.921072460027029e-15,-14.22759962414054,4,4,17
299,2.5254691967969336,-0.4541013535983165,-2.250102493735616,1.0000000000000002,"[[1.0929298291733573, -0.7693509223678954], [-0.16851318442665592, 1.0335940549122098]]",False,"[[1.0929298291733573, -0.7693509223678966], [-0.16851318442665597, 1.0335940549122098]]",1.2225062931717345e-15,-14.912748896553852,4,4,17
300,0.8462220149653974,1.3689205992430584,0.18198164552980955,1.0,"[[-0.36689435512231106, -2.9254472117579504], [0.6588897023710647, 2.5281038797891613]]",False,"[[-0.36689435512231083, -2.9254472117579495], [0.6588897023710648, 2.5281038797891613]]",9.222205069512407e-16,-15.035165224822375,4,4,17
301,-1.0724205073506714,1.0962536975460035,0.12784810381413614,1.0000000000000004,"[[0.49358749020404935, 2.5870541174787207], [-0.10867861056202179, 1.4563629900070718]]",False,"[[0.4935874902040494, 2.587054117478719], [-0.10867861056202163, 1.4563629900070714]]",1.838217638754292e-15,-14.735603070907235,4,4,17
302,-0.7987108401809655,-0.05033577664404332,2.1605397280051646,0.9999999999999998,"[[0.15819057392112562, -0.9886165970565471], [0.9703537796648397, 0.25723497549908786]]",False,"[[0.15819057392112587, -0.9886165970565474], [0.9703537796648397, 0.2572349754990882]]",4.718447854656915e-16,-15.326200840140691,4,4,17
303,2.982944746275094,-0.5661108280579901,0.885814985287654,1.0000000000000002,"[[-1.1698324489770897, 1.2902103909598757], [-0.2580942486084094, -0.5701706421134773]]",False,"[[-1.1698324489770866, 1.290210390959881], [-0.25809424860840935, -0.5701706421134775]]",6.170733029103505e-15,-14.209663242516944,4,4,17
304,2.2438483707242147,-1.412754529347878,-0.03609094719820449,1.0000000000000002,"[[-2.5518238272160128, -0.28263786843834676], [3.2149399278494264, -0.03579253029193315]]",False,"[[-2.5518238272160128, -0.2826378684383465], [3.2149399278494264, -0.03579253029193344]]",4.0245584642661925e-16,-15.395281759283991,4,4,17
305,1.342057418052633,-1.040293450581255,-0.3478101743064994,1.0,"[[0.720586015765936, -0.10481923727488705], [2.56397910819242, 1.014793028856186]]",False,"[[0.7205860157659357, -0.10481923727488714], [2.56397910819242, 1.014793028856186]]",2.3714374201337736e-16,-15.624988331458738,4,4,17
306,2.672568866220807,0.21916483344789373,2.5098654318851708,1.0,"[[0.2458422243865462, 0.8772589209903058], [-0.9488322085565152, 0.6818539042231192]]",False,"[[0.24584222438654624, 0.8772589209903057], [-0.9488322085565153, 0.6818539042231192]]",1.594436429147036e-16,-15.797392791580021,4,4,17
307,1.121997474598599,0.7674949952455767,0.6603299785975727,1.0,"[[-1.0315124134824698, -1.6565259251352078], [0.9036455980553633, 0.4817318277687054]]",False,"[[-1.0315124134824696, -1.6565259251352074], [0.9036455980553633, 0.4817318277687052]]",5.23691153334427e-16,-15.280924762532528,4,4,17
308,3.057520738008389,-1.4422134495426477,-1.7507396801447122,0.9999999999999999,"[[0.7739250867563516, -4.143497344705036], [0.168192198721912, 0.39163489642903526]]",False,"[[0.7739250867563514, -4.143497344705036], [0.16819219872191207, 0.39163489642903493]]",4.08865160135725e-16,-15.388419894594701,4,4,17
309,2.104072207308442,1.1054086002238708,0.367329055122684,1.0000000000000004,"[[-1.0911787787448564, -2.3670977443003762], [-0.28533937657004177, -1.5354277660771631]]",False,"[[-1.0911787787448566, -2.3670977443003633], [-0.2853393765700417, -1.5354277660771587]]",1.3624680298918223e-14,-13.865673679586706,4,4,17
310,-2.7392045201376973,1.192785984197159,-0.47280840991117357,0.9999999999999993,"[[-0.8363659406831206, 1.0221314688880738], [1.2754087151660491, -2.754339065485831]]",False,"[[-0.8363659406831205, 1.022131468888074], [1.275408715166049, -2.7543390654858313]]",5.551115123125783e-16,-15.255619765854984,4,4,17
311,2.0149974948892027,0.7972509995565011,-0.5345110636078569,1.0000000000000002,"[[0.8542837917053359, -1.823152699721838], [0.8359637997886685, -0.6134842584432512]]",False,"[[0.8542837917053359, -1.8231526997218377], [0.8359637997886684, -0.6134842584432515]]",4.1540741810552243e-16,-15.381525752351884,4,4,17
312,2.8318644281310013,0.9290087394848521,0.013602687701092187,1.0,"[[-0.38661490592881514, -0.7665645956120029], [0.08756592972902616, -2.4129309144113655]]",False,"[[-0.3866149059288134, -0.7665645956120645], [0.0875659297290259, -2.412930914411362]]",6.174426180305535e-14,-13.209403397308225,4,4,17
313,0.11506339356130102,1.2898943258748465,0.24383886517014464,0.9999999999999999,"[[0.1647048532762422, -0.47072439398393867], [0.9018430335294797, 3.4940104867948585]]",False,"[[0.1647048532762424, -0.47072439398393856], [0.9018430335294797, 3.494010486794858]]",4.972820174300706e-16,-15.30339724531653,4,4,17
314,0.09573391832747724,0.3132169143704886,-1.5062519088994328,1.0,"[[0.17741360025466343, 0.7177951828108666], [-1.354212395871151, 0.15755762636461526]]",False,"[[0.17741360025466305, 0.7177951828108665], [-1.3542123958711514, 0.15755762636461507]]",6.3109611985757e-16,-15.199904489971994,4,4,17
315,0.4641544576779615,-0.44750904434788885,0.13461587694278387,1.0,"[[1.3478355584401038, -0.471313483451731], [0.7707116074486806, 0.4724264941441489]]",False,"[[1.3478355584401038, -0.47131348345173085], [0.7707116074486806, 0.4724264941441489]]",1.6653345369377348e-16,-15.778498511135322,4,4,17
316,0.5008100101172985,1.0071731837737534,0.07692066841125511,1.0,"[[0.21843199895841042, -1.3352749964595128], [0.3594037674976758, 2.3810482809619495]]",False,"[[0.21843199895841048, -1.3352749964595108], [0.3594037674976759, 2.38104828096195]]",2.0509097977584786e-15,-14.688053440166597,4,4,17
317,-2.68291431799127,0.036358488240017195,2.748693871514126,1.0000000000000002,"[[0.9745387604592232, -0.09313483529380533], [0.03841632081476883, 1.022455075895378]]",False,"[[0.974538760459223, -0.09313483529379998], [0.03841632081476898, 1.022455075895378]]",5.346087908925624e-15,-14.271963904156472,4,4,17
318,0.4744091625392657,1.0169362411166398,0.5713860096531835,0.9999999999999999,"[[-0.41235868965525363, -1.2363433910045376], [1.4690146264502526, 1.9793605547227509]]",False,"[[-0.4123586896552537, -1.2363433910045374], [1.4690146264502526, 1.9793605547227504]]",4.996003610813204e-16,-15.301377256415659,4,4,17
319,-0.01720324757184155,0.4617582840543588,-1.5100053616181637,1.0,"[[0.011032265360856258, 0.6305759483934742], [-1.5843546553014527, 0.08557269162689175]]",False,"[[0.011032265360856783, 0.6305759483934743], [-1.5843546553014523, 0.08557269162689161]]",7.10688495179914e-16,-15.148320714978736,4,4,17
320,-1.6070393343217575,0.37495014137126215,0.9235963947538401,1.0,"[[1.1449192881295835, 0.896543203991493], [-0.4562109641501546, 0.5161823777728894]]",False,"[[1.1449192881295833, 0.8965432039914923], [-0.45621096415015455, 0.5161823777728896]]",7.130536482749599e-16,-15.14687779374803,4,4,17
321,-2.437749044903433,-0.22589506881610655,0.823674670232251,1.0,"[[-0.27056052536240127, 1.0518973943482595], [-0.9974278690431425, 0.1818143146747992]]",False,"[[-0.27056052536240194, 1.051897394348259], [-0.9974278690431431, 0.1818143146747991]]",9.777686967753793e-16,-15.009763870769602,4,4,17
322,-1.92206419901113,-0.7459646932372505,-2.7717738037887143,1.0,"[[0.515494885949147, -0.6774395002095884], [1.904867133221137, -0.5634046944233884]]",False,"[[0.5154948859491473, -0.6774395002095885], [1.9048671332211369, -0.5634046944233881]]",4.002966042486721e-16,-15.397618094037584,4,4,17
323,0.293875018792483,-0.7837564343231013,2.6088836749896673,1.0,"[[-1.8725844472370112, -0.950439957218972], [-0.3243887315983101, -0.698666494914567]]",False,"[[-1.8725844472370152, -0.9504399572189759], [-0.32438873159831005, -0.698666494914566]]",5.6634978295928376e-15,-14.24691526158688,4,4,17
324,-3.115993163548611,-0.564465435109359,-0.9743851685621485,0.9999999999999999,"[[-0.9994322557108125, -1.4462605481067772], [0.4450516781761002, -0.35654174052223064]]",False,"[[-0.9994322557108124, -1.4462605481067778], [0.4450516781761001, -0.35654174052223053]]",6.933340566559918e-16,-15.159057466677753,4,4,17
325,-1.6015776306977136,0.019368940298990722,-1.750171936124038,0.9999999999999998,"[[-0.9973383446914001, -0.2115202093836276], [0.2057847821282477, -0.9590249536552449]]",False,"[[-0.9973383446913999, -0.2115202093836308], [0.20578478212824763, -0.9590249536552448]]",3.2296805691587007e-15,-14.490840429344402,4,4,17
326,-0.23067204657075013,-0.42330362056314574,-1.1192905962369446,1.0000000000000002,"[[0.5138913067036264, 1.402915238599407], [-0.7259758681528329, -0.03596598744898099]]",False,"[[0.5138913067036264, 1.4029152385994066], [-0.7259758681528328, -0.03596598744898046]]",6.9831616186284e-16,-15.155947906510288,4,4,17
327,0.798829807517142,1.1543208896047235,2.363010953662659,1.0,"[[-1.7526610792797452, 1.463568865506246], [1.3929657000599196, -1.7337643114517967]]",False,"[[-1.752661079279745, 1.4635688655062453], [1.3929657000599194, -1.7337643114517962]]",8.599750569898517e-16,-15.065514144999181,4,4,17
328,2.1093950314634267,1.3405847263445465,0.42718040637209587,1.0,"[[-1.4812142472191303, -2.929904658197312], [-0.6076084294104358, -1.876997046787305]]",False,"[[-1.4812142472191312, -2.929904658197317], [-0.6076084294104358, -1.8769970467873063]]",5.564421850464315e-15,-14.254579952658425,4,4,17
329,0.3691114090252472,0.9140531857948573,-0.5764549561365544,1.0000000000000002,"[[0.803996674823328, -0.5507257687589263], [-1.146757068331652, 2.029297780858611]]",False,"[[0.8039966748233279, -0.5507257687589263], [-1.1467570683316515, 2.0292977808586103]]",6.377745716588144e-16,-15.195332800252059,4,4,17
330,0.5177812314931645,-0.7193841756481586,0.7632287425875712,0.9999999999999998,"[[1.122519701689969, -1.4074286045664426], [1.026877296882823, -0.3966580545022172]]",False,"[[1.122519701689969, -1.4074286045664428], [1.026877296882823, -0.39665805450221725]]",2.2887833992611187e-16,-15.640395305165848,4,4,17
331,-3.0918928015895095,-1.19044661139518,2.259899619306063,1.0000000000000002,"[[2.1000866605437256, 2.525417155166053], [-0.1305282879513555, 0.3192066475007426]]",False,"[[2.1000866605437256, 2.525417155166058], [-0.13052828795135546, 0.3192066475007422]]",4.905204173244842e-15,-14.309342910920497,4,4,17
332,-2.294222229739842,0.5290963802339732,-1.2785495171322732,1.0,"[[-1.3306817793599286, -0.006900248421531484], [0.9487393324230067, -0.7465747846918476]]",False,"[[-1.3306817793599286, -0.006900248421531112], [0.9487393324230065, -0.7465747846918477]]",4.465893894882084e-16,-15.35009159953924,4,4,17
333,-0.5615179294166013,-0.832226644808851,-1.0027648116808288,0.9999999999999998,"[[0.8513420865103118, 1.7646143248798192], [-0.9688379637053562, -0.8335372589773533]]",False,"[[0.8513420865103121, 1.7646143248798185], [-0.9688379637053564, -0.8335372589773524]]",1.137640067256873e-15,-14.943995120656034,4,4,17
334,-2.6582975802331577,0.135107123366075,0.17635309778482977,0.9999999999999998,"[[-0.6682464024449213, 0.6593869885903353], [-0.5774945033097476, -0.9266157457333275]]",False,"[[-0.6682464024449211, 0.6593869885903352], [-0.5774945033097476, -0.9266157457333284]]",9.222205069512407e-16,-15.035165224822375,4,4,17
335,-1.9049202757587353,-0.29850524828852754,1.9835908318247064,1.0000000000000002,"[[0.8193463539637832, 0.12370704337501914], [0.28794080151141704, 1.2639591306069171]]",False,"[[0.8193463539637831, 0.12370704337501941], [0.287940801511417, 1.263959130606917]]",3.6638411145107034e-16,-15.436063368133942,4,4,17
336,2.6059812376255733,0.730315654777268,-0.9986219165642396,1.0,"[[0.6663315596430064, -0.9219213903950856], [1.6338619221698136, -0.7598203141865781]]",False,"[[0.6663315596430064, -0.9219213903950856], [1.6338619221698139, -0.7598203141865785]]",4.002966042486721e-16,-15.397618094037584,4,4,17
337,-1.5457475364624442,0.9675941653082911,-0.15548679806030252,1.0000000000000004,"[[-0.39800271522717223, 2.600516922321171], [-0.3855013507156679, 0.0062883644206654585]]",False,"[[-0.39800271522717245, 2.6005169223211713], [-0.3855013507156678, 0.006288364420665369]]",5.075252164336516e-16,-15.294542374920319,4,4,17
338,-0.6584999069441126,0.18523399679153485,0.9261399328964028,1.0000000000000002,"[[0.9835689789031521, -0.0827289266503632], [0.4552834165545364, 0.978411186473064]]",False,"[[0.9835689789031522, -0.0827289266503629], [0.4552834165545366, 0.978411186473064]]",3.6506759942727966e-16,-15.437626709954568,4,4,17
339,1.9463562249495592,-1.4016489963642398,-1.2364847816189244,1.0000000000000002,"[[-0.2725046102432538, -1.4825404239742457], [1.325193635816689, 3.5399516134077116]]",False,"[[-0.2725046102432539, -1.4825404239742448], [1.3251936358166891, 3.5399516134077107]]",1.2803716525534355e-15,-14.89266394970746,4,4,17
340,-0.5010969401384551,1.0793016491589102,2.203378792197559,1.0000000000000009,"[[0.9638565192554623, -1.0761428234154689], [2.1779803641448385, -1.3942095234800282]]",False,"[[0.9638565192554621, -1.0761428234154684], [2.1779803641448385, -1.3942095234800285]]",5.438959822042073e-16,-15.2644841493352,4,4,17
341,-0.5318175223735166,-0.44224515400952025,2.051402095066119,1.0000000000000002,"[[-0.33114524802208883, -1.3399705096915437], [0.8559360836940948, 0.44369989063276305]]",False,"[[-0.33114524802208883, -1.3399705096915437], [0.8559360836940949, 0.443699890632763]]",1.2412670766236366e-16,-15.906134763686975,4,4,17
342,-1.9388201603640105,1.2527594984213923,-2.046961392652597,1.0,"[[-2.8552408335519903, -1.5882379531779285], [1.2413196535961815, 0.3402553558533102]]",False,"[[-2.8552408335519903, -1.5882379531779283], [1.2413196535961815, 0.34025535585331007]]",2.482534153247273e-16,-15.605104768022994,4,4,17
343,2.402588532350718,0.02396274617805716,-1.3115915792895185,1.0000000000000002,"[[0.48187640772385176, -0.8743577857617654], [0.9003267159162831, 0.4415910860098003]]",False,"[[0.4818764077238517, -0.8743577857617651], [0.9003267159162831, 0.44159108600980035]]",2.3551386880256624e-16,-15.627983513303331,4,4,17
344,2.7108666231518344,0.3709309586206373,-2.4735009719557666,0.9999999999999997,"[[0.8670593998687192, 0.08649969902789467], [0.5895115516358932, 1.2121344534747005]]",False,"[[0.8670593998687193, 0.08649969902789438], [0.5895115516358931, 1.2121344534747003]]",3.98609107286759e-16,-15.399452782907984,4,4,17
345,0.32256289553939643,-1.5396971001955593,1.780592090047259,1.0000000000000004,"[[-0.9875563325253924, -4.311547991200254], [-0.10892752207744737, -1.4881644627210688]]",False,"[[-0.98755633252539, -4.311547991200296], [-0.1089275220774474, -1.4881644627210764]]",4.2491828285014343e-14,-13.37169458223101,4,4,17
346,-0.12428436989760838,1.5207728102253624,0.24288510919501993,1.0000000000000002,"[[0.34691378006989465, 0.4984281391551193], [1.0657039317453543, 4.41371002120941]]",False,"[[0.3469137800698948, 0.49842813915512035], [1.0657039317453545, 4.413710021209411]]",1.4065259467477195e-15,-14.851852251820558,4,4,17
347,0.4213580911546164,-1.2902655315259464,1.7945724887803483,0.9999999999999999,"[[-0.8455965285015891, -3.2082673281691108], [-0.08494262123298822, -1.504876845610712]]",False,"[[-0.845596528501584, -3.208267328168936], [-0.08494262123298828, -1.5048768456107044]]",1.7520839838972116e-13,-12.756445080320363,4,4,17
348,2.126634292253824,-1.48354786612931,-0.8883971106741706,0.9999999999999999,"[[-1.3174988099303966, -1.9267921838235593], [2.4546250865883072, 2.8307823908035337]]",False,"[[-1.3174988099303961, -1.926792183823559], [2.454625086588307, 2.8307823908035337]]",6.661338147750939e-16,-15.176438519807359,4,4,17
349,-1.5052539767796305,1.3434741538329535,1.3985737893144758,1.0,"[[3.7704621872943567, 0.6385089408645953], [0.20266570454988989, 0.2995398994233583]]",False,"[[3.77046218729435, 0.6385089408645793], [0.20266570454988994, 0.29953989942335796]]",1.732277039803384e-14,-13.76138265086582,4,4,17
350,0.7091475720457736,-0.7615725908931386,-1.070192223646543,0.9999999999999999,"[[1.046835061203522, 1.2799538930482606], [0.35847095579898625, 1.3935588799848417]]",False,"[[1.046835061203522, 1.2799538930482603], [0.3584709557989863, 1.3935588799848417]]",2.2887833992611187e-16,-15.640395305165848,4,4,17
351,2.9275378183496867,-0.4070149535720782,1.5090781457792852,1.0,"[[-0.2316746674478207, 1.4565235850545517], [-0.6295208228911374, -0.3586411716543102]]",False,"[[-0.2316746674478212, 1.4565235850545502], [-0.6295208228911379, -0.35864117165431125]]",1.993770148541515e-15,-14.70032491070536,4,4,17
352,-1.5336547464183417,0.32272420173675087,2.898804793728197,0.9999999999999998,"[[0.30564689637242454, -1.3459255874361016], [0.7147772013678938, 0.12420566285327928]]",False,"[[0.30564689637242465, -1.3459255874361022], [0.7147772013678938, 0.12420566285327937]]",6.822736016865924e-16,-15.166041431979123,4,4,17
353,1.4360271404542573,-0.5548541495511774,2.587939775884279,0.9999999999999999,"[[-0.49820868854202655, 0.3609090529402971], [-1.4274994257675213, -0.9730912874927314]]",False,"[[-0.49820868854202743, 0.36090905294029574], [-1.4274994257675218, -0.9730912874927332]]",2.463219376506597e-15,-14.608496907785925,4,4,17
354,-2.7100571362092736,-0.45001677168054677,-0.8907417951749084,1.0,"[[-1.1031786553430862, -0.9399439712388479], [0.037816774111639535, -0.8742503732200292]]",False,"[[-1.1031786553430847, -0.9399439712389329], [0.03781677411163946, -0.8742503732200275]]",8.507362184868498e-14,-13.070205077534641,4,4,17
355,2.4081871887307074,0.38534592390262357,-0.971229967903918,1.0,"[[0.5273073397830735, -0.9725069759117103], [1.1586004308973785, -0.2403664652082331]]",False,"[[0.5273073397830735, -0.9725069759117103], [1.1586004308973785, -0.24036646520823315]]",5.551115123125783e-17,-16.255619765854984,4,4,17
356,1.1978477689737446,-0.7615796950548117,1.4873447106293343,1.0,"[[-0.3682718855197909, -0.8138697474078328], [0.3357847814570766, -1.9733108969380755]]",False,"[[-0.368271885519791, -0.8138697474078335], [0.33578478145707646, -1.9733108969380753]]",7.195067539997724e-16,-15.142965124992052,4,4,17
357,1.1331890367092763,0.1690037494557548,2.651802841194727,0.9999999999999998,"[[-0.8203711908072882, 0.7780846936702576], [-0.43892814066718266, -0.8026570648802815]]",False,"[[-0.8203711908072869, 0.7780846936702628], [-0.43892814066718283, -0.8026570648802802]]",5.524684403533736e-15,-14.257692525917701,4,4,17
358,-1.8671804438978734,0.40605760280155057,2.7596885225113095,1.0,"[[0.7155492906329635, -1.2595111277176203], [0.4279441084624315, 0.6442597866913939]]",False,"[[0.7155492906329634, -1.2595111277176203], [0.42794410846243164, 0.6442597866913939]]",1.5700924586837752e-16,-15.804074772359012,4,4,17
359,-2.2476097869538805,-0.11946761762863645,-0.5437133635093558,1.0000000000000002,"[[-0.9618831705201848, 0.22690985792525983], [-0.4642955137936127, -0.9300992036755696]]",False,"[[-0.9618831705201828, 0.22690985792526638], [-0.4642955137936126, -0.9300992036755682]]",6.9996898349292076e-15,-14.154921203694759,4,4,17
360,2.359099097519506,0.8077579876996777,-1.1445593511705938,1.0,"[[1.3091276808098926, -0.9416932010915693], [1.5782090167256912, -0.3713837145748941]]",False,"[[1.3091276808098928, -0.9416932010915694], [1.5782090167256912, -0.3713837145748941]]",2.482534153247273e-16,-15.605104768022994,4,4,17
361,2.047175059133062,-1.5799327890664665,-0.10669514808342084,0.9999999999999998,"[[-2.194005757089029, -0.41908341894998685], [4.2996483595224975, 0.3655010166679569]]",False,"[[-2.194005757089029, -0.41908341894998663], [4.2996483595224975, 0.3655010166679565]]",4.965068306494546e-16,-15.304074772359012,4,4,17
362,0.7109954098262343,0.2960275175451439,-1.1799821026210318,1.0,"[[1.0259362255509634, 0.18682699359195584], [-0.7570366131113919, 0.8368601323852101]]",False,"[[1.0259362255509634, 0.18682699359195576], [-0.757036613111392, 0.8368601323852102]]",1.7772239894833365e-16,-15.750257833159099,4,4,17
363,-1.6203851746865643,1.041717670486122,-0.12983255311524022,1.0000000000000002,"[[-0.38381498864240976, 2.804509096109588], [-0.33126043569291314, -0.18492528175893466]]",False,"[[-0.3838149886424093, 2.804509096109589], [-0.33126043569291314, -0.1849252817589339]]",1.2440567926383356e-15,-14.905159793144842,4,4,17
364,2.5682109505373987,-0.9222546034515265,-0.5732311934319565,1.0000000000000002,"[[-1.6580405156313498, -1.3270652069560303], [1.3273838858922877, 0.4592921367496102]]",False,"[[-1.6580405156313496, -1.32706520695603], [1.3273838858922877, 0.4592921367496103]]",3.188872858294072e-16,-15.49636279591604,4,4,17
365,2.904080324305564,-0.34816353619619633,-2.624919234211036,1.0,"[[1.2790499144221161, -0.5356508132046256], [0.04918807747427806, 0.7612309381536794]]",False,"[[1.279049914422116, -0.5356508132046187], [0.04918807747427802, 0.7612309381536798]]",6.901353552668769e-15,-14.161065723348964,4,4,17
366,-0.10814954379191244,1.2828111084481169,-1.482198132629505,1.0,"[[-0.3633940108381396, 0.30900287808130394], [-3.574276100878077, 0.2874609903108046]]",False,"[[-0.36339401083814005, 0.30900287808130394], [-3.5742761008780777, 0.28746099031080474]]",1.0068810866857322e-15,-14.997021816879997,4,4,17
367,-0.29485916730850104,-0.8085697623698561,-2.208404294380491,1.0,"[[-1.3825708215367112, 1.6487553208091918], [0.04579360045021224, -0.7779004342113117]]",False,"[[-1.3825708215367147, 1.6487553208093266], [0.04579360045021226, -0.7779004342113144]]",1.348542182699555e-13,-12.870135464170584,4,4,17
368,-1.3086196069569067,-0.1414529049097435,2.6815245840746655,1.0,"[[0.10474993786770663, -0.8838191401405644], [1.0967986558125709, 0.2923949716427398]]",False,"[[0.1047499378677066, -0.8838191401405642], [1.0967986558125709, 0.2923949716427397]]",2.498001805406602e-16,-15.60240725207964,4,4,17
369,-0.08496074258078279,1.3908590805743684,0.31671057158478755,0.9999999999999998,"[[0.34182919646019555, 0.24680180053830725], [1.2268875168746172, 3.8112544560667247]]",False,"[[0.3418291964601957, 0.24680180053830714], [1.2268875168746176, 3.8112544560667243]]",6.591583993652515e-16,-15.181010209527294,4,4,17
370,-3.026072221874545,-0.28336873928473105,1.8273323034193263,1.0000000000000002,"[[0.41858749576851767, 1.2535604271849168], [-0.6849089603728611, 0.3378630094827978]]",False,"[[0.41858749576851784, 1.2535604271849163], [-0.6849089603728611, 0.3378630094827979]]",4.871083751574258e-16,-15.312374403268743,4,4,17
371,1.518306558286021,-0.7651088908387085,-2.1616221001150953,0.9999999999999999,"[[0.32306369203751883, 0.35247329839423874], [-1.2158455348021548, 1.768836697204626]]",False,"[[0.323063692037519, 0.3524732983942386], [-1.215845534802155, 1.7688366972046266]]",5.495323605393213e-16,-15.260006728008737,4,4,17
372,-2.7600561034386466,1.2289636686506675,-0.7702110150964114,1.0000000000000004,"[[-1.0809832423970702, 0.7243200796561786], [2.130376079053703, -2.352556516638087]]",False,"[[-1.0809832423970702, 0.7243200796561791], [2.130376079053703, -2.3525565166380873]]",6.280369834735101e-16,-15.20201478103105,4,4,17
373,0.09188462546062715,-1.173411767607139,-2.8054465495653087,1.0000000000000002,"[[-3.029825843269556, 1.088704634049429], [-0.3816390246478476, -0.19291796148290424]]",False,"[[-3.0298258432695615, 1.0887046340494286], [-0.3816390246478476, -0.19291796148290385]]",5.36164160699889e-15,-14.270702219317085,4,4,17
374,-1.4611055774018415,1.0195847064256571,-0.9482530570749885,1.0,"[[-2.2154408146419007, 1.6387552722189032], [-0.4556159832969481, -0.1143595909177465]]",False,"[[-2.215440814641899, 1.6387552722189025], [-0.4556159832969482, -0.11435959091774665]]",1.906517134473758e-15,-14.719759287230612,4,4,17
375,2.8136530370853636,-0.6563976580155683,-2.204218475333748,1.0000000000000002,"[[1.214950287293441, -1.3721473994239854], [0.02826833055622955, 0.791153098027175]]",False,"[[1.2149502872934415, -1.3721473994239912], [0.028268330556229685, 0.7911530980271744]]",5.829976938428972e-15,-14.234333163171149,4,4,17
376,-0.4911650697820109,1.2247725994070748,-0.39219713831572633,0.9999999999999998,"[[-0.3741299260141816, 1.582369036566873], [-1.2751237020002881, 2.7202214874391086]]",False,"[[-0.3741299260141818, 1.5823690365668737], [-1.2751237020002881, 2.7202214874391086]]",7.021666937153402e-16,-15.153559774527022,4,4,17
377,-0.2588439715800219,-0.7312210536130511,2.3260533319334575,0.9999999999999998,"[[-1.2870102364078377, -1.546760145488535], [0.7033043179419097, 0.0682536056494168]]",False,"[[-1.2870102364078375, -1.5467601454885351], [0.7033043179419097, 0.06825360564941674]]",3.188872858294072e-16,-15.49636279591604,4,4,17
378,-1.4742299920616455,-1.2239588551618408,1.1213889801110124,1.0,"[[0.40607019297555996, -0.16816368707231327], [-1.4449190376813568, 3.061005053804298]]",False,"[[0.4060701929755602, -0.16816368707231336], [-1.4449190376813559, 3.0610050538042968]]",1.618652246884548e-15,-14.790846445552605,4,4,17
379,2.2883648800551066,-0.6345589148696988,2.669395981820374,1.0000000000000002,"[[0.9228720653204402, 0.9198540887090432], [-1.4241281106362336, -0.33589711625585816]]",False,"[[0.9228720653204403, 0.9198540887090433], [-1.4241281106362333, -0.33589711625585816]]",2.7194799110210365e-16,-15.565514144999181,4,4,17
380,2.270578523455879,-0.3421877781513103,1.3913585517296037,1.0000000000000002,"[[-0.6964282614048847, 0.7953132026594772], [-0.25783100141875015, -1.14145798579905]]",False,"[[-0.696428261404887, 0.7953132026594589], [-0.2578310014187503, -1.1414579857990517]]",1.855243798526635e-14,-13.731599011441057,4,4,17
381,-1.8542447058825837,-0.38138443248054155,-3.1272497776515307,1.0000000000000002,"[[0.4000749706157095, -0.6614708282190452], [1.4084743178557901, 0.1708063024725311]]",False,"[[0.40007497061570946, -0.6614708282190451], [1.4084743178557901, 0.17080630247253104]]",1.3597399555105182e-16,-15.866544140663162,4,4,17
382,1.8318785689245587,1.5471444951052646,-0.9894301133014509,1.0,"[[3.762982579399921, -2.5384862350595454], [1.1263893781055399, -0.49410909894105837]]",False,"[[3.762982579399921, -2.5384862350595467], [1.12638937810554, -0.4941090989410588]]",1.4217791915866692e-15,-14.847167846167155,4,4,17
383,-1.789220029858551,-0.35262998962210057,1.7877511478244363,1.0,"[[0.7364187679188254, 0.15338559312564706], [0.15026327720349378, 1.3892207348137968]]",False,"[[0.7364187679188255, 0.1533855931256488], [0.1502632772034938, 1.3892207348137968]]",1.752342062307188e-15,-14.756381114336731,4,4,17
384,-1.42166173636,-1.5378264553947714,-0.08275390347658762,1.0,"[[0.6716424267184756, 0.2689006082944235], [-4.589685438550042, -0.3486515994087402]]",False,"[[0.671642426718476, 0.26890060829442347], [-4.5896854385500445, -0.34865159940874135]]",2.9279172407116403e-15,-14.533441203026971,4,4,17
385,-3.047762619109155,-0.057928908632255416,1.2510250857422056,1.0,"[[-0.24769494052654847, 1.0292933564605982], [-0.9231453979725224, -0.2011045308952077]]",False,"[[-0.24769494052654814, 1.0292933564605986], [-0.9231453979725219, -0.20110453089520774]]",7.130536482749599e-16,-15.14687779374803,4,4,17
386,-1.912429991892418,-0.2624959276647254,1.3132006071413755,1.0,"[[0.5897999299585929, 0.6058368666884391], [-0.5612617262142752, 1.1189675021570995]]",False,"[[0.5897999299585932, 0.6058368666884391], [-0.5612617262142748, 1.1189675021570995]]",4.710277376051325e-16,-15.32695351763935,4,4,17
387,-0.47967334992529365,0.6959399268088831,1.9602870712400593,0.9999999999999999,"[[0.6882754115235958, -0.7606571976157246], [1.7333653737803143, -0.46274622386818764]]",False,"[[0.6882754115235958, -0.7606571976157247], [1.7333653737803143, -0.46274622386818776]]",1.5700924586837752e-16,-15.804074772359012,4,4,17
388,0.9506997435492188,-1.5616310341414588,-1.015735682691218,1.0000000000000002,"[[1.6048412506042564, 2.264100480419745], [1.9406848421195506, 3.3610212108862934]]",False,"[[1.6048412506042564, 2.264100480419744], [1.9406848421195504, 3.361021210886292]]",1.616509124176106e-15,-14.791421839726627,4,4,17
389,-1.2590953856558658,1.2611608930855058,1.2013355098490548,0.9999999999999998,"[[3.1641299668653136, 1.1321102518836255], [0.9120034390953712, 0.6423530210317399]]",False,"[[3.164129966865313, 1.1321102518836248], [0.9120034390953711, 0.6423530210317397]]",8.15843973306311e-16,-15.088392890279518,4,4,17
390,3.021517027347249,-0.1392478470259153,-1.2345783626720808,1.0,"[[-0.2781003129356632, -1.111622755947967], [0.8608107477091312, -0.1549914986680259]]",False,"[[-0.2781003129356629, -1.1116227559479672], [0.860810747709131, -0.15499149866802558]]",5.185169430563076e-16,-15.285237048039376,4,4,17
391,0.3582311115268886,-0.6401994494874377,0.7063849873428407,1.0000000000000002,"[[1.231385979228309, -1.2936796801322703], [0.8263982699126031, -0.05611128488380092]]",False,"[[1.231385979228309, -1.29367968013227], [0.8263982699126031, -0.05611128488380099]]",2.3263411494723067e-16,-15.633326597230408,4,4,17
392,0.5412295550384227,-0.9518277471438066,2.6432109208755543,1.0000000000000002,"[[-2.045198188823579, -0.8865790035177774], [-1.014075446363425, -0.9285447293599894]]",False,"[[-2.0451981888235795, -0.8865790035177791], [-1.0140754463634254, -0.9285447293599902]]",1.942097114741681e-15,-14.711729056950213,4,4,17
393,1.1628150608000452,1.3058965333252917,-0.9522482786196438,1.0,"[[2.8226490746798265, -1.8769952175519704], [-1.048896386372874, 1.0517685416725693]]",False,"[[2.822649074679827, -1.8769952175519704], [-1.048896386372874, 1.0517685416725693]]",4.440892098500626e-16,-15.35252977886304,4,4,17
394,0.7058326145253022,-0.2596728527992702,-0.21231780178131077,1.0,"[[1.070007494282814, -0.28115459479539096], [0.6984169413789459, 0.7510572329093955]]",False,"[[1.070007494282814, -0.281154594795391], [0.6984169413789459, 0.7510572329093955]]",5.551115123125783e-17,-16.255619765854984,4,4,17
395,1.727414287175285,0.11925118015343839,-1.9949351938212314,1.0000000000000002,"[[1.0712309545063141, 0.3318063076278565], [-0.2006399892404643, 0.8713586758121701]]",False,"[[1.0712309545063141, 0.3318063076278556], [-0.20063998924046414, 0.8713586758121701]]",9.036560719766055e-16,-15.04399682888658,4,4,17
396,0.42596012380063275,-0.5725613198660757,-0.1642578296731334,1.0,"[[1.6307714159329547, 0.0340476320377608], [0.6386577096226772, 0.6265407724912677]]",False,"[[1.6307714159329547, 0.0340476320377607], [0.6386577096226772, 0.6265407724912677]]",1.0408340855860843e-16,-15.982618493791247,4,4,17
397,-0.17262383137114545,0.5723304465384249,2.915884894089065,0.9999999999999998,"[[-0.473593030479405, -0.4211093141234055], [0.48521433196245556, -1.6800748200601843]]",False,"[[-0.47359303047940526, -0.42110931412340263], [0.48521433196245556, -1.6800748200601858]]",3.290177355616529e-15,-14.482780690958972,4,4,17
398,2.1402000444734677,-0.20249334555252618,-1.6067057570340415,1.0,"[[0.7110930686624042, -0.635018622726067], [0.4029951739691502, 1.0464038990852829]]",False,"[[0.7110930686624041, -0.635018622726067], [0.4029951739691503, 1.0464038990852829]]",1.5700924586837752e-16,-15.804074772359012,4,4,17
399,2.0171712025833965,-0.11434041950254037,-1.4836718597221723,1.0,"[[0.7593929588883538, -0.552164047651886], [0.47159083381116496, 0.9739417355804535]]",False,"[[0.7593929588883536, -0.5521640476518862], [0.4715908338111652, 0.9739417355804535]]",3.8459253727671276e-16,-15.41499914716719,4,4,17
